username,display_name,description,followers_count,following_count,statuses_count,location,profile_image_url,verified,account_status
music,Music,,9400000,117,21500,,https://pbs.twimg.com/profile_images/1999716844123422722/4nR0d_Ig_200x200.jpg,False,active
statedept,Department of State,"Leading U.S. foreign policy and American diplomacy since 1789. 
For all Department accounts: 
state.gov/social",6500000,445,85400,"Washington, DC",https://pbs.twimg.com/profile_images/1883303881632804864/d638Kku-_200x200.jpg,False,active
tcsavunma,T.C. Millî Savunma Bakanlığı,T.C. Millî Savunma Bakanlığı Resmî X Hesabı / Official X Account of the Republic of Türkiye Ministry of National Defence,3600000,34,25400,Bakanlıklar/ANKARA,https://pbs.twimg.com/profile_images/1665694453355487233/PjyLwg7d_200x200.jpg,False,active
refugees,"UNHCR, the UN Refugee Agency","We protect the rights of refugees, stateless people and all who are forced to flee.
 We hide or delete comments with hate/spam/misinfo/disinfo.",2700000,2466,102000,120 countries,https://pbs.twimg.com/profile_images/486539514010013696/nwAvlZ0v_200x200.png,False,active
alikarimi_ak8,ali karimi,,2100000,30,631,تهران،ایران,https://pbs.twimg.com/profile_images/1526469339267866625/1B9GVkrM_200x200.jpg,False,active
IranIntl,ايران اينترنشنال,"#ایران_اینترنشنال تنها شبکه خبری ۲۴ ساعته فارسی‌زبان که تازه‌ترین خبرها را در سریع‌ترین زمان پوشش می‌دهد.
 00447830007000
 
telegram.me/iranintltv",2100000,61,326400,"London, UK",https://pbs.twimg.com/profile_images/1380225668428992513/midYaSKA_200x200.jpg,False,active
khamenei_ir,Khamenei.ir,"News, messages & statements from Imam Sayyid Ali Khamenei, Iran's Supreme Leader--- BN: 
@KhameneiBangla
 l AZ: 
@az_Khamenei
 l FA: 
@Khamenei_fa
 l AR: 
@ar_Khamenei",2000000,26,13200,Islamic Republic of Iran,https://pbs.twimg.com/profile_images/1302228092354736129/wnYxXfpl_200x200.jpg,False,active
amnesty,Amnesty International,"We defend human rights around the world. Let's get to work.
For media enquiries, please contact 
@amnestypress
 at press@amnesty.org",2000000,3550,28300,Global,https://pbs.twimg.com/profile_images/1103357372410617856/0V1h5QGq_200x200.png,False,active
iranintlbrk,ایران اینترنشنال - خبر فوری,"حساب خبر فوری و تازه‌ترین اخبار تلویزیون #ایران_اینترنشنال.
حساب اصلی ایران اینترنشنال: 
@IranIntl",1700000,9,295700,"London, UK",https://pbs.twimg.com/profile_images/1380229333277671429/wcsqRU42_200x200.jpg,False,active
JZarif,Javad Zarif,"Husband, father, grandfather; 
Founder/President of Possibilities Architects (
PAIAB.org)
Professor;
former diplomat, ambassador, foreign minister
Views personal",1600000,10,1478,,https://pbs.twimg.com/profile_images/1980968815040090112/MemVy5ke_200x200.jpg,False,active
PahlaviReza,Reza Pahlavi,"زن زندگی آزادی مرد میهن آبادی 
@PahlaviComms",1600000,67,4555,,https://pbs.twimg.com/profile_images/1213223562598850560/ZThdbU1H_200x200.jpg,False,active
SeppBlatter,Joseph S Blatter,Football Philosopher,1300000,282,2533,Switzerland,https://pbs.twimg.com/profile_images/1478717941826871297/gwYYqN0m_200x200.jpg,False,active
HaiderAlAbadi,Haider Al-Abadi حيدر العبادي,"Prime Minister- Iraq
2014 - 2018",1200000,1,6496,"Baghdad, Iraq",https://pbs.twimg.com/profile_images/1109153736738435072/KU97NEG-_200x200.jpg,False,active
V_and_A,V&A,The V&A is a family of museums dedicated to the power of creativity.,1200000,2143,27600,"South Kensington, London",https://pbs.twimg.com/profile_images/1699369248403963905/CWFLugLq_200x200.jpg,False,active
manotonews,اتاق خبر منوتو,WhatsApp/Telegram: +44 7590 899 999 #گزارشگرمنوتو,1200000,26,194400,London,https://pbs.twimg.com/profile_images/1462775861992689672/hrg33h66_200x200.jpg,False,active
manototv,تلویزیون منوتو,JOIN KON,1100000,21,54300,London,https://pbs.twimg.com/profile_images/1895195719041961984/zeTrCxha_200x200.jpg,False,active
Golshifteh,Golshifteh Farahani,,1000000,98,516,,https://pbs.twimg.com/profile_images/1175696821433327616/MpGnACeu_200x200.jpg,False,active
nourialmalikiiq,Nouri Al-Maliki,Leader of State of Law coalition,1000000,24,1042,"Baghdad, Iraq",https://pbs.twimg.com/profile_images/1204405751365562368/NSfKWkAW_200x200.jpg,False,active
HassanRouhani,Hassan Rouhani,"7th President of the I.R of Iran  |‌
Persian 
@Rouhani_ir",982100,7,3596,"Tehran, Iran",https://pbs.twimg.com/profile_images/830606478419619840/YzhAGsju_200x200.jpg,False,active
pouriazeraati,Pouria Zeraati,Journalist روزنامه‌نگار,943000,236,18700,"Tel Aviv, Israel",https://pbs.twimg.com/profile_images/1890160105087221760/dwRpiFo2_200x200.jpg,False,active
HichkasOfficial,Hichkas,"Artist

contact@hichkas.me",880900,409,9871,,https://pbs.twimg.com/profile_images/1740632112464605184/JV04V5oO_200x200.jpg,False,active
OfficialToomaj,توماج صالحی,زنــ زنـدگــے آزادے,809000,215,6930,iran,https://pbs.twimg.com/profile_images/1970780271566807040/uQC590sQ_200x200.jpg,False,active
AlinejadMasih,Masih Alinejad,"Iranian Journalist & Activist | President of 
@WLCongress
 | Founder of #WhiteWednesdays, #MyCameraIsMyWeapon, #MyStealthyFreedom Campaigns. | زن زندگی آزادی",753100,2128,36600,,https://pbs.twimg.com/profile_images/1561342827790999552/mgJ4c904_200x200.jpg,False,active
shahinnajafi80,Shahin Najafi 𓃬☼,Musician,709200,271,4789,United States,https://pbs.twimg.com/profile_images/1947146110608252928/OEZwwFEh_200x200.jpg,False,active
ShahbanouFarah,FARAH PAHLAVI - فرح پهلوی,"Farah Pahlavi Official page -   
صفحهٔ رسمی‌ فرح پهلوی",705900,3,812,"Paris, France",https://pbs.twimg.com/profile_images/1973953000126414848/HhB1_7cJ_200x200.jpg,False,active
yashar,Yashar Ali,HuffPost/NY Mag currentyashar@gmail.com Direct Messages Open Text/Call/Signal/Confide/WhatsApp: 310-795-2497. AGENTS: UTA,705900,40200,253000,,https://pbs.twimg.com/profile_images/1815976872192401408/3UVnTUc5_200x200.jpg,False,active
esmaeilion,Hamed Esmaeilion,"Board member of 752AFV, Human Rights Activist",702900,88,1480,,https://pbs.twimg.com/profile_images/1740735809932701696/ZcjH5tL8_200x200.jpg,False,active
AdilAbdAlMahdi,عادل عبدالمهدي,عادل عبد المهدي- رئيس مجلس الوزراء العراقي الأسبق,688200,0,4849,العراق - بغداد,https://pbs.twimg.com/profile_images/1153718440605245446/IgLBFlI5_200x200.jpg,False,active
RghadSaddam,رغد صدام حسين,Raghad Saddam Hussein OFFICIALL Twitter | الحساب الرسمي و الوحيد لـِ رغد صدّام حسين على مواقع التواصل الاجتماعي,682800,2,2765,,https://pbs.twimg.com/profile_images/1344576699007168512/k9sWX4i7_200x200.jpg,False,active
world,WORLD,Explore the world. hello@socialite.media,666100,8,8119,Worldwide,https://pbs.twimg.com/profile_images/587949417577066499/3uCD4xxY_200x200.jpg,False,active
masoud_barzani,Masoud Barzani,President of the Kurdistan Democratic Party and Former President of the Kurdistan Region of Iraq,640200,0,625,"Kurdistan Region, Iraq",https://pbs.twimg.com/profile_images/2271377194/gmiggvkbnhl0vkcuqh9p_200x200.jpeg,False,active
la_Biennale,La Biennale di Venezia,"Official X page of La Biennale di Venezia.
#BiennaleArte2026 #BiennaleTeatro2026 #BiennaleDanza2026 #BiennaleCinema2026 #BiennaleMusica2026 #BiennaleArchivio",638800,4896,36300,"Venice, Italy",https://pbs.twimg.com/profile_images/961898789396197376/4YFTk7Qx_200x200.jpg,False,active
WORLDMUSICAWARD,World Music Awards,The World Music Awards is an international awards ceremony honoring the best-selling most popular recording artists from around the world.,635100,69000,80500,,https://pbs.twimg.com/profile_images/1067055979022422017/DhH2yiFc_200x200.jpg,False,active
the_ironsheik,The Iron Sheik,A TRIBUTE TO THE LEGEND OF THE EARTH. RIP TO THE LEGEND. PAYING HOMAGE TO OUR HERO THE IRON SHEIK.,581600,1932,33200,USA Bubba,https://pbs.twimg.com/profile_images/1320863459953750016/NlmHwu3b_200x200.jpg,False,active
Nouriel,Nouriel Roubini,"NYU Prof; Time100, FT, FP, Forbes, Coindesk Top Mind Awards. New book Megathreats: 
littlebrown.com/titles/nouriel
…",580900,849,25700,"New York, USA",https://pbs.twimg.com/profile_images/1126472830873370624/33dNeSjC_200x200.jpg,False,active
Vahid,Vahid Online,"Netizen, News Lover, Media Watcher, Social Media Observer, #Iran, #ایران, Iranian,Persian,Farsi
وحید آنلاین، شهروند کنجکاو اینترنت",557600,7055,45800,در تلگرام فعال هستم,https://pbs.twimg.com/profile_images/477553911075573760/68_S3x04_200x200.jpeg,False,active
HajipourShervin,Shervin Hajipour,Instagram / Shervinine,454400,75,1212,,https://pbs.twimg.com/profile_images/1257991871046971392/L5zcVzwd_200x200.jpg,False,active
SharghDaily,شرق,"Independent & privately-owned Shargh is one of the most circulated & widely-read reformist newspapers in Iran - روزنامه و شبکه شرق 
t.me/sharghdaily FA | EN | AR",453500,18,89600,ایران,https://pbs.twimg.com/profile_images/1521170481918918657/ixD9DHXX_200x200.jpg,False,active
SportingKC,Sporting Kansas City,Two States. One City. One Club. | #SportingKC,360200,902,74000,The Blue Hell,https://pbs.twimg.com/profile_images/1978664086318501888/tlzao3h7_200x200.jpg,False,active
drdavidsamadi,Dr. David Samadi,"Tweets represent my own views. Follow my Instagram 
@DrDavidSamadi
. #RoboticSurgery. Expert in #prostate 
ProstateCancer911.com, 
roboticoncology.com",354400,3908,18300,"Manhattan, New York",https://pbs.twimg.com/profile_images/1345004936078258176/W5u79dDu_200x200.jpg,False,active
latoyajackson,La Toya Jackson,"Grammy Award-Winning Songwriter, 2X New York Times Best-Selling Author, EP of DANCING IN JAFFA. IG latoyajackson",350900,366,11000,Beverly Hills,https://pbs.twimg.com/profile_images/3456257290/c982f8b0af43489942bb93691ce18fb0_200x200.jpeg,False,active
TheAFCCL,#ACLElite | #ACLTwo,The official home for #ACLElite & #ACLTwo on X,348000,334,38000,Asia,https://pbs.twimg.com/profile_images/1944943931969372160/fiLGcaCR_200x200.jpg,False,active
rezahn56,رضا حقيقت‌نژاد,‌می‌نوشت…                                       دژکرد۱۳۵۶/برلین۱۴۰۱,336300,707,4136,"Prague, Czech Republic",https://pbs.twimg.com/profile_images/1464704975007891459/iJIy4hBN_200x200.jpg,False,active
HosseinRonaghi,Hossein Ronaghi,"Hossein Ronaghi Maleki, Freedom of speech activist.  e-mail: hosseinronaghi@pm.me
telegram.me/hosseinronaghi
hosseinronaghi.blogspot.com",336100,577,11800,IRAN,https://pbs.twimg.com/profile_images/1600165429598572544/eeWanTBd_200x200.jpg,False,active
siamakansarii,Siamak Ansari,سیامک انصاری، بازیگر سینما و تلویزیون,330600,44,998,Tehran,https://pbs.twimg.com/profile_images/961684989753602048/OT2KKW82_200x200.jpg,False,active
raisi_com,سید ابراهیم رئیسی,رئیس جمهوری شهید جمهوری اسلامی ایران | این حساب توسط بنیاد بین‌المللی شهید رئیسی اداره می‌شود.,323700,1,202,,https://pbs.twimg.com/profile_images/1399652437623980033/nxttDIoU_200x200.jpg,False,active
drpezeshkian,Masoud Pezeshkian,"مسعود پزشکیان؛ 

همسر، پدر ، پدربزرگ؛

نهمین رئیس جمهوری اسلامی ایران",305700,20,604,جمهوری اسلامی ایران,https://pbs.twimg.com/profile_images/1845700299782045704/nOuFVGa2_200x200.jpg,False,active
TheSayed,السيد مهدي المدرسي,اجول بحثا عن الكهف الحصين وغياث المضطر المستكين. خادم للحسين وكفى بذلك فخرا,292200,42,11400,كربلاء المقدّسة,https://pbs.twimg.com/profile_images/1292439736070451203/gKuHh2Hd_200x200.jpg,False,active
OAradwinwin,Official.ARADWINWIN,SUBSCRIBE TO SEE EXCLUSIVE VIDEOS .  LV.LA,283600,1029,1251,United States,https://pbs.twimg.com/profile_images/1558732378276651008/4j8yk0iP_200x200.jpg,False,active
IranIntl_En,Iran International English,"The world's leading news network on Iran. Follow us for fearless journalism, firsthand reports and accurate, in-depth coverage",259600,5,63300,"London, UK",https://pbs.twimg.com/profile_images/1380467569275060225/Wa9zjOZI_200x200.jpg,False,active
sorenaofficial,Ali Sorena,"Hip-Hop Artist
t.me/officialsorena
…",250600,71,672,Iran,https://pbs.twimg.com/profile_images/1894302916371988480/yUT7LHpd_200x200.jpg,False,active
snohaalegra,Snoh,,231400,459,3466,,https://pbs.twimg.com/profile_images/1959385950083260416/CBsZL078_200x200.jpg,False,active
HosseinMahini,Hossein Mahini,Football Player | Married,230900,357,1307,Tehran | Iran,https://pbs.twimg.com/profile_images/1674888128685801479/Cc-bqTmt_200x200.jpg,False,active
abb_abdi,عباس عبدی,"journalist, social researcher, civil activist",218500,474,5779,Islamic Republic of Iran,https://pbs.twimg.com/profile_images/1404445627585531912/97ni38J7_200x200.jpg,False,active
jadi,jadi,"Jadi. Into Fun & Freedom. A programmer, POSIXian and techie who enjoys life and defends Human Rights and the Keyboard Freedom.",215500,1391,22400,Canada,https://pbs.twimg.com/profile_images/1363747799586775040/7OyUMSbS_200x200.jpg,False,active
KavehMadani,Kaveh Madani,"Director of 
@UNUniversity
 Institute for Water, Environment & Health (
@UNUINWEH
), Research Professor 
@CityCollegeNY
 & Ex-VP of 
@UN
 Environmental Assembly Bureau",212500,757,21700,,https://pbs.twimg.com/profile_images/912943046840537088/AYJXEyX7_200x200.jpg,False,active
ShappiKhorsandi,Shaparak Khorsandi شاپرک خرسندی,"Stand-up comic, author and all round delight. Trustee 
@sohotheatre
 mgt: Curtis Brown Keynote/host info@speakingoffice.com 
tinyurl.com/comedymudders",212300,2559,40000,london,https://pbs.twimg.com/profile_images/1636294965910204417/40clto1b_200x200.jpg,False,active
issues,ISSUES,,192600,3,2882,"Atlanta, GA",https://pbs.twimg.com/profile_images/1724787675503513600/PgXScu9l_200x200.jpg,False,active
FreemaOfficial,Freema Agyeman,,192500,571,6825,,https://pbs.twimg.com/profile_images/1163820774899310593/pdu3Td9X_200x200.jpg,False,active
CAFCofficial,Charlton Athletic FC,𝐓𝐡𝐞 𝐀𝐝𝐝𝐢𝐜𝐤𝐬 | 𝐸𝓈𝓉. 𝟏𝟗𝟎𝟓 | 𝐒𝐨𝐮𝐭𝐡 𝐄𝐚𝐬𝐭 𝐋𝐨𝐧𝐝𝐨𝐧 | #cafc,189500,267,90000,"Charlton, London",https://pbs.twimg.com/profile_images/1988612600142168064/zj6EoDTn_200x200.jpg,False,active
mahdirasuli_ir,مهدی رسولی,صفحه رسمی مَهدی رسولی,184200,139,604,Islamic Republic of Iran,https://pbs.twimg.com/profile_images/1948457198599700480/k4Nzgzhf_200x200.jpg,False,active
milaniabbas,Abbas Milani,"Director, Hamid & Christina Moghadam Program in Iranian Studies, Stanford University. Research Fellow at Hoover. Opinions are my own. Telegram: 
t.me/MilaniAbbas",180900,48,2968,"Stanford, CA",https://pbs.twimg.com/profile_images/825073943916654592/GebjxH3b_200x200.jpg,False,active
MahdyarAghajani,Mahdyar,,177400,141,1583,,https://pbs.twimg.com/profile_images/1828497184100098048/Oje7m8XL_200x200.jpg,False,active
_iamnaaz_,Elnaaz Norouzi,Let me act and I'll be happy,177000,232,3225,India,https://pbs.twimg.com/profile_images/1379740461322080259/2aB2Ve7r_200x200.jpg,False,active
FIFPRO,FIFPRO,"The global union for professional football players. Defending the rights and interests of 65,000 players via our network of national associations.",174700,1270,17200,,https://pbs.twimg.com/profile_images/1939946442644197376/RVzfI8UP_200x200.jpg,False,active
AshkanFadaei,Fadaei,,174300,4,854,,https://pbs.twimg.com/profile_images/1908261100614770688/nPkMBpnk_200x200.jpg,False,active
BahramRadan,Bahram Radan,"Welcome to my world. Join me as I seek adventure, strive for peace & equality and live life from a humanitarian standpoint. We're all in this together...",170800,80,2219,,https://pbs.twimg.com/profile_images/660364111713329152/pUXGtwwZ_200x200.jpg,False,active
MajidTavakolii,Majid Tavakoli,"دموکراسی‌خواه و پژوهشگر سیاسی
--- در این‌سال‌ها هیچ شرایطِ خاصی برای پایبندنبودن به حقیقت وجود ندارد. majidtavakoliiran@gmail.com",168600,303,3384,Iran-Tehran,https://pbs.twimg.com/profile_images/1694281035263987712/cycxBkH6_200x200.jpg,False,active
SohrabAhmari,Sohrab Ahmari,"US editor, 
@UnHerd
. 

Author of THE UNBROKEN THREAD and TYRANNY, INC., for 
@PenguinRandom
Writing my next book, on THE TRIUMPH OF NORMAL, for 
@HarperCollins",154900,1717,37200,"New York, NY",https://pbs.twimg.com/profile_images/1920561349379104768/1xzHcPpQ_200x200.jpg,False,active
Tavaana,توانا Tavaana,"آموزشکده توانا Tavaana: E-Learning Institute for Iranian Civil Society You can also follow us at 
@TavaanaTech
 تلگرام توانا 
ow.ly/IV6s308dfzm",153200,2,108700,,https://pbs.twimg.com/profile_images/895954997040607232/mPHGRSZh_200x200.jpg,False,active
borhanimohsen1,محسن برهانی,دکترای حقوق جزا و جرم‌شناسی؛ عضو هیأت علمی دانشگاه تهران - دانش‌آموخته و‌ اخراجیِ حوزه علمیه قم - وكیل دادگستری؛ عضو کانون وکلای دادگستری مرکز.,150800,371,3098,,https://pbs.twimg.com/profile_images/1866182927228215296/ZO9Tx6Jd_200x200.jpg,False,active
_Mahdiyar313,علی اکبر رائفی پور,یک انقلابی بی‌زار از چپ و راست /جبهه صبح ایران/ ریتوییت به معنای تایید نیست,149200,1054,13400,۱:۲۰,https://pbs.twimg.com/profile_images/1902659673280724992/_UKLViGA_200x200.jpg,False,active
arash_sobhani,Arash Sobhani آرش سبحانی,instagram.com/arashsobhani retweet≠endorsement,148200,2437,12100,#,https://pbs.twimg.com/profile_images/1966511701227864064/5fqNP843_200x200.jpg,False,active
AmirTaheri4,Amir Taheri,"International columnist and author. Was Executive Editor-in Chief of the daily Kayhan, Iran's main newspaper for seven years. Author of 13 books.",147100,2337,67500,"Paris, France",https://pbs.twimg.com/profile_images/2789325560/dd3967f07de21e251495ac8329039097_200x200.jpeg,False,active
Mfazeli114,محمد فاضلی,همسر، پدر، دانش‌آموز جامعه‌شناسی و امیدوار به بهبود زندگی ایرانیان.,142900,430,5369,"Iran, Tehran",https://pbs.twimg.com/profile_images/1991191198686437376/ZIqGBCbK_200x200.jpg,False,active
Ahmadinejad1956,Mahmoud Ahmadinejad,"Husband, Dad, Grandfather, University Professor, President, Mayor, Governor, Soccer Player, Proud Iranian 
t.me/fpahmadinejad",137900,49,349,Tehran,https://pbs.twimg.com/profile_images/838335316935200768/VKJJiFj8_200x200.jpg,False,active
iranwire,ایران وایر,"گزارش‌های خبری، با کمک شهروند خبرنگاران ایرانی
عكس، خبر و فيلم هاى خود را براى ما بفرستيد: 
t.me/shomaIranwire
کانال واتساپ: 
iranwire.org/skoqp",137300,150,99200,,https://pbs.twimg.com/profile_images/1506334088000548864/hMcVWYaD_200x200.jpg,False,active
elinavaltonen,Elina Valtonen,"Minister for Foreign Affairs, MP Finland | Also:",137200,2273,15500,Finland,https://pbs.twimg.com/profile_images/1895023396510908416/UjlrAT_J_200x200.jpg,False,active
Firouz_Naderi,Firouz M. Naderi,"Former Director of Solar System Exploration at NASA's JPL. Currently Consultant, Coach, Public Speaker & Human Rights Activist. Views are my own.",136100,144,3945,"Los Angeles, CA",https://pbs.twimg.com/profile_images/1630044991887405059/TUQj7g0x_200x200.jpg,False,active
ALDERBYSHOW,الديربي / ALDERBY,personal account,134900,3,103400,"The Capital, Kuwait",https://pbs.twimg.com/profile_images/1313048219899834368/F5RF1-eI_200x200.jpg,False,active
BBCKasraNaji,Kasra Naji,Special Correspondent BBC Persian TV & Author of “Ahmedinejad: the Secret History of Iran’s Radical Leader”,132300,4021,35200,London,https://pbs.twimg.com/profile_images/378800000730653601/050f729e17efa90d2a1d40bb8691c5dd_200x200.jpeg,False,active
ArashMarkazi,Arash Markazi,"Founder & CEO: The Sporting Tribune

Host: KIRN 670, The Bet Las Vegas & Hawaii Sports Radio

Prior: ESPN, SI & LA Times

arash.markazi@thesportingtribune.com",122200,2553,112200,Los Angeles-Las Vegas-Hawaii,https://pbs.twimg.com/profile_images/1525284632349921281/Akpsupgx_200x200.jpg,False,active
ColoradoRapids,Colorado Rapids,Colorado Rapids Soccer Club | #Rapids96,121900,963,61300,"Colorado, USA",https://pbs.twimg.com/profile_images/1980000216108412928/r1AnOiKL_200x200.jpg,False,active
Islam,islam,"Welcome to Islam,welcome to Peace.
Retweets may not be endorsements.

Enquiries : amaanathdigital@gmail.com",115900,217,320,,https://pbs.twimg.com/profile_images/476341528906833922/_mS6WWO2_200x200.jpeg,False,active
alilarijani_ir,Ali Larijani | علی لاریجانی,بنده‌ی خدا,114500,2,355,Islamic Republic of Iran,https://pbs.twimg.com/profile_images/1858420078682755072/zHov9LVr_200x200.jpg,False,active
SafaiDarya,Darya Safai MP,Member of the Belgian Parliament / Delegation leader to NATO Parliamentary Assembly/ Women’s rights activist/Dentist,114200,707,5574,Belgium,https://pbs.twimg.com/profile_images/1998439876585267200/qJcLfYqG_200x200.jpg,False,active
raminkarimloo,Ramin Karimloo,Agents - C.A.M. (UK/EUROPE) -GERSH (NORTH AMERICA) Insta: raminkarimloo latehttps://itun.es/us/b2VBdbFSxLjI,114000,44,396,In Transit -,https://pbs.twimg.com/profile_images/1981330207542792194/qlcXrZCf_200x200.jpg,False,active
sardar_pashaei,Sardar Pashaei,قهرمان کشتی جهان،  مربی تیم های ملی کشتی،  #ژن_ژیان_ئازادی،,109700,1290,3892,"Virginia, USA",https://pbs.twimg.com/profile_images/1965397364962738176/cSBdO9aN_200x200.jpg,False,active
HellyLuv,Helly Luv,"Artist/Actress/Humanitarian, Awarded as one of the 100 Global Thinkers by FP 2015 Facebook HellyLuv 3 Milhttp://m.facebook.com/HellyLuvBwYm",108100,437,6865,"Los Angeles, CA",https://pbs.twimg.com/profile_images/1600570264521162771/p2nYyZ-r_200x200.jpg,False,active
LucasFoxNews,Lucas Tomlinson,Fox News correspondent,104400,1598,35300,Washington,https://pbs.twimg.com/profile_images/1037685127273476097/3qbwxkt9_200x200.jpg,False,active
neginsh,Negin Shiraghaei,Founder Azadi Network; Ex BBC; Campaigner; پادکست کوتنا,103100,1306,9078,London,https://pbs.twimg.com/profile_images/1362127928432156672/yolcbRud_200x200.jpg,False,active
Sanjaribaf,Kianoosh Sanjari,Still alive,102600,938,2374,Tehran,https://pbs.twimg.com/profile_images/1770286384911167488/KUQx2YgL_200x200.jpg,False,active
news,NEWS,"NEWS - Menschen, die bewegen. Meinungen, die prägen. Informationen und Hintergründe zu den Themen, über die Österreich spricht.",102400,1118,36800,Österreich/Austria,https://pbs.twimg.com/profile_images/768075575273611264/3IQo-8g3_200x200.jpg,False,active
Zeidabadi_Ahmad,احمد زیدآبادی,اين صفحه توسط يكى از مخاطبان دکتر احمد زیدآبادی و مستقل از ايشان اداره مى‌شود و صرفاً ديدگاه‌ها و يادداشت‌هاى ايشان را بازنشر مى‌نمايد.,97700,1,7763,"Iran, Tehran",https://pbs.twimg.com/profile_images/1825667437666136070/pbMHJqbQ_200x200.jpg,False,active
vali_nasr,Vali Nasr,"Professor Johns Hopkins-SAIS, Fr Sr Advisor, State Dept, author of Iran's Grand Strategy 
a.co/d/egLBCgz",96800,1599,38200,"Washington, DC",https://pbs.twimg.com/profile_images/1727464452235173888/BuQrzyAK_200x200.jpg,False,active
farnazfassihi,Farnaz Fassihi,"Journalist 
@nytimes
 
United Nations Bureau Chief 
Iran Mideast Diplomacy | Author | War correspondent
Ellis Island Medal of Honor 
@Columbia
 & 
@Harvard
 alum",92100,7056,31400,"New York, NY",https://pbs.twimg.com/profile_images/1411233548560916480/wrRVqN1J_200x200.jpg,False,active
ebtekarm,Massoumeh Ebtekar,"Professor of Immunology, Former Vice President on Women and Family Affairs,Former Head of Department of Environment, Iran, UN Champion of The Earth, Mother",91300,88,6028,Islamic Republic of Iran,https://pbs.twimg.com/profile_images/378800000683060461/8142bff0280c4ca413b43a1383500924_200x200.jpeg,False,active
ir_aref,محمدرضا عارف,معاون اول رئیس جمهور,88400,12,365,Islamic Republic of Iran,https://pbs.twimg.com/profile_images/812425939334238208/yGSp9hik_200x200.jpg,False,active
fcesteghlaliran,استقلال,‌ The official account of Esteghlal FC‌‌,87900,14,2050,"Tehran, Iran",https://pbs.twimg.com/profile_images/1461604988388585473/c4pq4DPI_200x200.jpg,False,active
AbdolhamidNet,شیخ الاسلام مولانا عبدالحمید,مدیر دارالعلوم و امام جمعه اهل سنت زاهدان و رئیس شورای هماهنگی مدارس علوم دینی اهل سنت سیستان و بلوچستان,87800,2,3668,iran,https://pbs.twimg.com/profile_images/1596502149168435200/WC1npWBP_200x200.jpg,False,active
MrKheiron,Kheiron,Je suis un utopiste réaliste… je rêve en me pinçant. // contact pro : 60minutesaveckheiron@gmail.com // Insta : kheiron_ // en tournée actuellement,85000,372,9017,Paris,https://pbs.twimg.com/profile_images/1998897208679153664/c6Zxk9dO_200x200.jpg,False,active
monaborzouei,Mona Borzouei,Lyricist,82200,800,33100,"Tehran,Iran",https://pbs.twimg.com/profile_images/1787448818503479296/2ruhVAQW_200x200.jpg,False,active
borzou,Borzou Daragahi,Media professional. Longtime international journalist. DMs open.,81500,1965,58500,Agrabah,https://pbs.twimg.com/profile_images/1640676303912292353/x-TxXSXl_200x200.jpg,False,active
21Sahel,サヘルローズ,"【 Youtube
youtube.com/channel/UCE3h8
…】 【Instagram▶︎
instagram.com/sa_chan_1021/?
…】",80900,367,9342,TED出演の際の演説動画,https://pbs.twimg.com/profile_images/1984204698161991680/C63Q8MI9_200x200.jpg,False,active
BehrouzBoochani,Behrouz Boochani,Writer/ Kurd,78300,2699,5551,"Aotearoa, Wellington",https://pbs.twimg.com/profile_images/1633773675408392192/YTm7xpGS_200x200.jpg,False,active
s,『S』,youresus@protonmail.com,78200,18,840,,https://pbs.twimg.com/profile_images/1852780598785683457/gWM3O2Wm_200x200.jpg,False,active
SAghdashloo,Shohreh Aghdashloo,"Actress, Author, Activist, and Voice-over Artist.",76700,507,8835,"Los Angeles, CA",https://pbs.twimg.com/profile_images/1656730215282769921/1Af7WnzO_200x200.jpg,False,active
PanahianEN,Ali Reza Panahian,"Official Account /
Popular speaker & teacher. Expert in education & ethics. Strategist & theorist. Head of a seminary. Author of: How to Pray a Good Prayer",75500,0,1448,,https://pbs.twimg.com/profile_images/1916102841376108544/f2XWKvzF_200x200.jpg,False,active
nahuelzn,Nahuel Lanzón,"El fútbol que no conocés: De África y Asia al Caribe y Oceanía.
En 
@AlterFutbol
, 
@WebLateral
, #CONTRA y LVST.
Researcher para Football Manager (África).",71300,2601,155800,Buenos Aires,https://pbs.twimg.com/profile_images/1542199812262600706/-2zWwMSs_200x200.jpg,False,active
NazaninNour,Nazanin Nour,Actor | Writer | Producer | Host Mehmooni with Nazanin on YouTube,70400,632,20200,L.A.,https://pbs.twimg.com/profile_images/1941563991136010241/xP4FjV1R_200x200.jpg,False,active
AEK_FC_OFFICIAL,AEK F.C.,"The Official Twitter Page of AEK FC, a Greek professional football club established since 1924 / Η επίσημη σελίδα της ΑΕΚ FC / ΠΑΕ ΑΕΚ στο Twitter",66300,123,25900,"Greece, Athens",https://pbs.twimg.com/profile_images/1911377262961709057/Z0wNUbMI_200x200.jpg,False,active
manizhe,Mandana karimi,,66000,42,5831,mumbai,https://pbs.twimg.com/profile_images/1573308049997307904/FzQJX_fw_200x200.jpg,False,active
TeamMelliIran,Team Melli IRAN,"Official account of Iran National Football Team (AKA #TeamMelli)

Telegram Channel:
t.me/teammelli",65700,17,2487,Iran,https://pbs.twimg.com/profile_images/468665815491829760/51aHcWF4_200x200.jpeg,False,active
GolinehAtai,Golineh Atai,Temporarily on Earth. Interested in mankind and the human condition. German TV correspondent. Author. Roamed the Post-Soviet world. Now back in the Middle East.,63900,1487,6965,Middle East & North Africa,https://pbs.twimg.com/profile_images/1437494364662636556/A0xJh42D_200x200.jpg,False,active
bso__azad,BSO AZAD,Official Account of Baloch Students Organization Azad Contact us at: admin@bsoazad.org,63500,3,5258,Balochistan,https://pbs.twimg.com/profile_images/1715648321719615488/3zAx5ZNz_200x200.jpg,False,active
jilabani,Jila Baniyaghoob ژیلا بنی‌یعقوب,"Journalist,women rights activist, and editor-in-chief of “Kanoon Zanan Irani"" Website مسئولیت کامنت ها با من نیست",63400,1148,11500,Iran,https://pbs.twimg.com/profile_images/1883325497813221376/Ovhnruax_200x200.jpg,False,active
masoudkazemi81,Masoud Kazemi,Iranian Journalist,61800,664,10900,Deutschland,https://pbs.twimg.com/profile_images/1937602360425189376/g_IFPZUu_200x200.jpg,False,active
JamshidBarzegar,Jamshid Barzegar,"Poet,writer, Independent journalist .EX Head of DW Persian Service. EX head of Radio&Online BBC Persian. EX Editor in Chief Radio Farda RFE/RL.Usual disclaimers",60500,1292,6530,"Toronto, Ontario",https://pbs.twimg.com/profile_images/1742619192342224896/M3EVUlDC_200x200.jpg,False,active
naderi_yeganeh,Hamid Naderi Yeganeh,"Mathematical Artist
PhD Maths — University College London
Email: naderiyeganeh at gmail dot com",59100,30100,735,,https://pbs.twimg.com/profile_images/1549819680990314496/sYoVI9eE_200x200.jpg,False,active
UN_CSW,United Nations CSW,The Commission on the Status of Women (CSW) is a functional commission of the UN Economic and Social Council. #CSW69,57400,434,7447,New York,https://pbs.twimg.com/profile_images/1897778206062657536/MMQv8r3F_200x200.jpg,False,active
CameliaFard,CameliaEntekhabifard,Independent Persian Editor in Chief. Author;  “Save Yourself By Telling The Truth”  کاملیا انتخابی فرد نویسنده و سردبیر ایندیپندنت فارسی,56100,1958,156900,New York I Dubai,https://pbs.twimg.com/profile_images/1891921534639325184/A3mfhzvE_200x200.jpg,False,active
2mohammadmosaed,Mohammad Mosaed,"@NationalPressClub
 | محمد مساعد | 2021 Awardee of CPJ PressFreedom, 2020 Awardee of DeutscheWelle Freedom of Speech",54800,2255,461,,https://pbs.twimg.com/profile_images/1254059103032352771/KjfGWDuy_200x200.jpg,False,active
MaryamZakaria,Maryam Zakaria,Swedish/Iranian Bollywood Actress! Dreams can become reality if you just believe in yourself. Work hard and fight for your goals -MZ #AgentVinod #GrandMasti,54600,120,14500,Mumbai,https://pbs.twimg.com/profile_images/946039306161754112/8J-Kq0Nt_200x200.jpg,False,active
shamaizadeh,Hassan Shamaizadeh,"THE 
linktr.ee/shamaizadeh OFFICIAL",52500,64,1964,"L.A , CA , USA",https://pbs.twimg.com/profile_images/1624532059791446017/VnPM254v_200x200.jpg,False,active
shakilamusic,SHAKILA,"Billboard #1 World class Award winning Pop Culture Artist, AAA | New Age | World Fusion",51900,0,9148,,https://abs.twimg.com/sticky/default_profile_images/default_profile_200x200.png,False,active
ICHRI,Center for Human Rights in Iran,"The independent Center for Human Rights in Iran has been amplifying voices in Iran since 2008. Persian account: 
@ichri_FA
 media@iranhumanrights.org",51800,984,22100,New York,https://pbs.twimg.com/profile_images/877899362713694208/hMEyfhXJ_200x200.jpg,False,active
talaashe,Tala Ashe,actor/producer • FREE IRAN • she/her,50800,544,3778,"New York, NY",https://pbs.twimg.com/profile_images/1627884721219706882/6aj6DTeZ_200x200.jpg,False,active
ummahfilms,Baba Ali,"IG 
@realbabaali",48500,25,1096,Los Angeles,https://pbs.twimg.com/profile_images/248636495/ba_1_200x200.jpg,False,active
JanezLenarcic,Janez Lenarčič,"Former European Commissioner for Crisis Management, in charge of European Civil Protection and Humanitarian Aid. European Emergency Response Coordinator.",48200,130,5278,,https://pbs.twimg.com/profile_images/1171334760645496832/MQNWNdV7_200x200.jpg,False,active
SayedModarresi,Sayed Mahdi Modarresi,"Author, Lecturer, Educator. Books: 
amazon.co.uk/Sayed-Mahdi-Mo
… • Videos: 
YouTube.com/SayedModarresi",46600,168,12100,The Cave,https://pbs.twimg.com/profile_images/1382005888706224128/DHkXEOCr_200x200.jpg,False,active
moltaf,Moltafet,,46500,4,142,,https://pbs.twimg.com/profile_images/1235916005156818944/pRn5fEn0_200x200.jpg,False,active
AliAzimiMusic,Ali Azimi,youtube.com/@aliazimimusic | aliazimimusic.com,46200,813,5554,"London, UK",https://pbs.twimg.com/profile_images/1989752093637255168/So6Qff3a_200x200.jpg,False,active
saeid_mohammad_,سعید محمد,"عضو هیات علمی دانشگاه، 
Ph.D Civil Eng. Road & Transportation and Furnished with an A degree certificate by IPMA",45900,6,183,,https://pbs.twimg.com/profile_images/1873415175858003968/YTqzosqA_200x200.jpg,False,active
sirvan_khosravi,Sirvan Khosravi,Iranian Musician,45100,7,569,Iran,https://pbs.twimg.com/profile_images/1312339863950307328/rEJVTzIC_200x200.jpg,False,active
Nahavandian_ir,محمد نهاوندیان,,44800,25,705,,https://pbs.twimg.com/profile_images/1498525078136528896/sBt2tLY4_200x200.jpg,False,active
A_Jafarzadeh,Alireza Jafarzadeh,"Dep Dir 
@ncrius
; TEDx Speaker; Author, The Iran Threat (Palgrave Macmillan; NY); President, Strategic Policy Consulting; On IG & TRUTH Social 
@A_Jafarzadeh",44600,7475,11100,"Washington, DC USA",https://pbs.twimg.com/profile_images/2537133005/A_Jafarzadeh_200x200.jpg,False,active
iranrights_org,Abdorrahman Boroumand Center,"We work for truth telling, memory, and accountability in Iran. Home of the Omid Memorial. #SetThemFree Nonprofit, nongovernmental, RT ≠ endorsement.",43800,2011,28600,Instagram: @iranrights,https://pbs.twimg.com/profile_images/1886127004942000128/MmruPec4_200x200.jpg,False,active
SAGES_Updates,SAGES is in Tampa in 2026!,"Society American Gastrointestinal and Endoscopic Surgeons. Leading minimally invasive surgical society. Likes and RTs are amplification, not endorsement.",42700,2366,65600,Everywhere,https://pbs.twimg.com/profile_images/476868144640700416/h-5lTHX4_200x200.png,False,active
AnoushehAnsari,Anousheh Ansari,"Imagine. Be the change. Inspire. I'm Curious George as the science officer aboard starship Enterprise, going where no one has gone before.",41900,424,15700,Somewhere in the Universe,https://pbs.twimg.com/profile_images/1163828390/Tony_rescan_3__200x200.jpg,False,active
shahrak_ekbatan,شهرک اکباتان | Ekbatan,"صدای انقلابیون شهرک اکباتان

تلگرام:
T.me/ekbatan_twitter",40000,204,8705,شهرک اکباتان,https://pbs.twimg.com/profile_images/1708837007252733952/XlUBQIji_200x200.jpg,False,active
amir_jadidi,Amir Jadidi,instagram.com/amirjadidi iranian theater and film actor,38700,27,206,,https://pbs.twimg.com/profile_images/693364880867528704/0Cv1lAPl_200x200.jpg,False,active
AlBayanSports,البيان الرياضي,«البيان الرياضي».. منصة إخبارية ترصد يوميًا أبرز العناوين والأحداث المحلية والعربية والدولية في مختلف الرياضات.,38300,49,130000,"Dubai, United Arab Emirates",https://pbs.twimg.com/profile_images/1984311195969478656/PquAcvIu_200x200.jpg,False,active
OfficialMNamjoo,Mohsen Namjoo | محسن نامجو,Official X account of Iranian Singer/Songwriter Mohsen Namjoo حساب ایکس رسمی محسن نامجو,37200,23,419,New York,https://pbs.twimg.com/profile_images/1719886819041447937/0yevRA0L_200x200.jpg,False,active
tatalioo,Amir Tataloo,"The Official Twitter Account Of Amir Tataloo
Artist | Rapper | Singer | Musician",37100,0,1074,"İstanbul, Türkiye",https://pbs.twimg.com/profile_images/1569000203964792832/M9EI88T2_200x200.jpg,False,active
SabrinaGhayour,Sabrina Ghayour-Lynn,"Chef, TV Presenter, Author of 8 bestselling Middle Eastern cookbooks | writes 
@olivemagazine
 @Yorkshire_Life
 | Agent martine@saucemanagement.com",36400,747,195000,Yorkshire + London,https://pbs.twimg.com/profile_images/1996979961912041472/qjjY_bt6_200x200.jpg,False,active
manoushz,Manoush Zomorodi,"Host of 
@NPR
’s 
@TEDRadioHour
. Author of ""Bored + Brilliant."" Mom to 2; 
@joshrobin
’s co-pilot.",35800,3507,14500,New York,https://pbs.twimg.com/profile_images/1708836161123127296/-xLIded5_200x200.jpg,False,active
REZAphotography,REZA,"Artist,photographer, visual storyteller ,philanthropist",34100,3894,3540,Paris,https://pbs.twimg.com/profile_images/1664512045/Photo_by_Mark_Thiessen_National_Geographic_200x200.jpg,False,active
SEVDALIZA,SEVDALIZA,artist . founder .,31900,118,131,,https://pbs.twimg.com/profile_images/1980558040282648577/UnMbElys_200x200.jpg,False,active
NazaninAJ,Nazanin Afshin-Jam MacKay,"Human Rights Adv,Author,co-founder of Stop Child Executions + Iranian Justice Collective, B.A. Poli Sci + Int’l Rel, Master's in Diplomacy, Doctor of Laws LL.D.",30300,829,5930,,https://pbs.twimg.com/profile_images/1930438343776403456/ofGNR29F_200x200.jpg,False,active
pirouzhanachi,پیروز حناچی,"استاد  دانشکده معماری
 پردیس هنر های زیبا
 دانشگاه تهران",30200,22,350,Islamic Republic of Iran,https://pbs.twimg.com/profile_images/1439678914759208977/MGbsPjiY_200x200.jpg,False,active
cagricehreganli,Mahmutali Çehreganlı,Güney Azerbaycan Milli Uyanış Hareketi (GAMOH) Lideri Dr. Mahmutali Çehreganlı Resmi Twit. Hesabı | Official Twitter Act. of Dr. M. Chehrgani,30100,788,1693,,https://pbs.twimg.com/profile_images/1599619011855192064/4O-Z7rKW_200x200.jpg,False,active
DanieleRaineri,Daniele Raineri,"Journalist 
@ilPost",29600,3294,18900,,https://pbs.twimg.com/profile_images/1350095524628725760/oDBjhF0h_200x200.jpg,False,active
FARNOOSH,Farnoosh Torabi,"Financial Expert, Host of #SoMoney. 
My book A Healthy State of Panic is on sale now!",28900,1306,23600,,https://pbs.twimg.com/profile_images/988870120175996928/9ai_oyWg_200x200.jpg,False,active
livingintehran,Living in Tehran (LiT),"We are about #Tehran 
By the people and for the people of Iran.
LiT is not a news agency!",27900,98,18200,Tehran/تهران,https://pbs.twimg.com/profile_images/1609217860273901569/rnviywMI_200x200.jpg,False,active
ebihamedi,Ebi Hamedi,"Official Page of Ebi Hamedi
instagram.com/ebi
t.me/ebiofficialcha
…",27700,61,1613,"Los Angeles, CA",https://pbs.twimg.com/profile_images/1805308015903645696/RkMTNxu8_200x200.jpg,False,active
SAzmoun,Sardar Azmoun,Football Player at Iran National Team and Rubin kazan player 69,27200,20,112,,https://pbs.twimg.com/profile_images/528642012804055040/7oMUsZPp_200x200.jpeg,False,active
Zar_Amir,Zar Amir Ebrahimi,,27000,338,358,Paris,https://pbs.twimg.com/profile_images/920850557501427712/el6o-e2k_200x200.jpg,False,active
sepideqoliyan,sepideqoliyan,,26800,388,3063,خوزستان,https://pbs.twimg.com/profile_images/1945779320166703104/0RfxfxAp_200x200.jpg,False,active
SepidehMoafi,Sepideh Moafi,"@AppleTV
 @Hulu
 @FX
 @Showtime
 @HBO
 + others Ambassador 
@RESCUEorg",25200,937,3130,NY/LA,https://pbs.twimg.com/profile_images/1202037010124296192/0gqB890Z_200x200.jpg,False,active
leilaforouhar,Leila Forouhar,"Leila Forouhar is an Iranian pop and classical singer. 
instagram.com/leilaforouhar",24700,130,1503,"Orange, CA",https://pbs.twimg.com/profile_images/1691513615872905220/pBBMUvN0_200x200.jpg,False,active
PKhakpour,porochista khakpour she/her پوروچیستا خاکپور,i wrote 5 books since 2007 & a ton of articles since the late 90s but mostly just an iranian muslim dog lady who bakes a lot,23800,9839,156400,"New York, NY",https://pbs.twimg.com/profile_images/1960087706915975169/LeuuqrtQ_200x200.jpg,False,active
RoyaTheWriter,Roya Hakakian,"Proud refugee/Wandering Jew/Persian poet/Writer/Eric Blair fan/Latest Book: A Beginner's Guide to America/Senior Fellow 
@AmericanPurpose
 @SNFAgoraJHU/member@CFR",23000,397,7692,,https://pbs.twimg.com/profile_images/1897828003825975296/XuJdWYSX_200x200.jpg,False,active
ArminGhobadi,Armin Ghobadi Pasha,Multimedia Journalist | Filmmaker Former Producer and Host of The Chand Chand show on Iran international TV,22800,724,3251,London,https://pbs.twimg.com/profile_images/1330971076361334784/PqAlbYF6_200x200.jpg,False,active
NishaBiswal,Nisha Biswal,,22700,1062,2865,"Washington, DC",https://pbs.twimg.com/profile_images/926240599740530688/KY3mLl0__200x200.jpg,False,active
Jason_Jorjani,Jason Reza Jorjani,American Philosopher,21300,314,4402,The Great Satan,https://pbs.twimg.com/profile_images/1969447874917515265/EroU0_pi_200x200.jpg,False,active
IAmTehran,IG: @IAmTehran,"#NFT of comedy
1/2 BLACK + 1/2 PERSIAN = SAVAGE AF
@TheLaughFactory
 every THURS 10pm
SAPIOSEXUAL TOXIC AF
ChatGPT is my Mom",21200,714,84500,"Los Angeles, CA",https://pbs.twimg.com/profile_images/1436029480624005144/kCEF3Viw_200x200.jpg,False,active
PardisSabeti,Pardis Sabeti,"Professor 
@harvard
 @HarvardChanSPH
 @broadinstitute
 using genomics to  impact infectious disease. Views are my own. 
@sabeti_lab
  @1000daysband",20800,373,1665,"Cambridge, USA",https://pbs.twimg.com/profile_images/703452383402020864/J8ywmGGs_200x200.jpg,False,active
alirezajb7,Alireza Jahanbakhsh,"Official Twitter page of Alireza Jahanbakhsh. Player of Feyenoord Rotterdam 
@feyenoord
  and the Iran national team",20700,17,110,"Rotterdam, The Netherlands",https://pbs.twimg.com/profile_images/1683407849538351104/ZEFK4pqd_200x200.jpg,False,active
fatemeekhtesari,Fatemeh Ekhtesari فاطمه اختصاری,"Poet, Author
 
t.me/fateme_ekhtesa
…",20600,850,27400,Norway,https://pbs.twimg.com/profile_images/1988340371525451777/Kc1HJKDZ_200x200.jpg,False,active
mahsamrabadi,Mahsa Amrabadi,Journalist,20600,1106,3300,"Oxford, England",https://pbs.twimg.com/profile_images/1385686838182961153/WeP1wRNE_200x200.jpg,False,active
standupdan,Dan Ahdoot,"Comic/Writer/Actor/HyphenFan. Anoush from Cobra Kai, Amir from The Crew, also Amir from Bajillion, Phil from Kickin It, host of ‘Green Eggs & Dan’",20300,567,6475,,https://pbs.twimg.com/profile_images/1070241654970376192/5jGpmHO0_200x200.jpg,False,active
khademh,Ali Khademhosseini,"Founder; Academic entrepreneur; Using AI to change the world, 
@MIT
 Ph.D.; x-Prof @Harvard/UCLA; x-CEO at TIBI; x-Scientist 
@Amazon",18900,1638,9378,"Los Angeles, CA",https://pbs.twimg.com/profile_images/944587768142774272/Vaq_VpHP_200x200.jpg,False,active
z_al,Zal,"""California's movie world""",18800,470,5652,,https://pbs.twimg.com/profile_images/1870877509501497344/YN-LVBqH_200x200.jpg,False,active
IranNW,Iran News Wire,We are dedicated to honest and reliable reporting on #IranProtests and #Iran's regime's #HumanRights violations.,18600,244,30200,Europe,https://pbs.twimg.com/profile_images/1072234780874420225/C8eimmEu_200x200.jpg,False,active
PahlavanAli,Ali Pahlavan,Singer/ Songwriter/ Music Producer/ The ARIAN BAND,18000,234,3528,Sydney,https://pbs.twimg.com/profile_images/881872189808558082/zCIOaNCr_200x200.jpg,False,active
k_Mostafavi,Khashayar Mostafavi,"Filmmaker:

Shaping the Murder Story- 95 Min -2025/

The truth and nothing but the truth- 122 Min-2021/

Dasein- 92 Min-2017/

Fight me 90 Min- 2015/",17800,391,7150,Germany,https://pbs.twimg.com/profile_images/1758158472909062144/BtEDEFGI_200x200.jpg,False,active
Manzarpour,Mohammad Manzarpour,"Journalist, 
buymeacoffee.com/manzarpour
gofund.me/6daa71c5",16700,3094,5851,Washington DC,https://pbs.twimg.com/profile_images/1606587679084351489/_RLZ0ssP_200x200.jpg,False,active
AbtahiOmid,Omid Abtahi,Actor. Giggity giggity.,16500,94,695,,https://pbs.twimg.com/profile_images/1104773029308043264/PHXAnGv9_200x200.jpg,False,active
mahlaghajaberi,Mahlagha,,16300,197,4653,"San Diego, CA",https://pbs.twimg.com/profile_images/895058100549328897/Yj2k3RfO_200x200.jpg,False,active
mousavi1388,MirHossein Mousavi,"MirHossein Mousavi is standing for election in the upcoming Iranian Presidential election 2009. With Khatami, Vote Mousavi.",16100,0,309,Iran,https://pbs.twimg.com/profile_images/104834792/1_200x200.jpg,False,active
KurdistanWatch,Kurdistan Watch,"Delivering incisive and contextualised coverage on politics, economics, oil & corruption in Kurdistan, Kirkuk & Mosul. Telegram: 
t.me/KurdistanWatch",16100,2,7104,,https://pbs.twimg.com/profile_images/1791603243019128832/Kw5J47yp_200x200.jpg,False,active
Hengaw_English,Hengaw Organization for Human Rights,"We are a non-profit organization focused on advocating for human rights in Iran, content in English and German.",15500,9,11800,Norway/Germany/United Kingdom,https://pbs.twimg.com/profile_images/1762774969375657984/NBZg0vYE_200x200.jpg,False,active
mehrdadraissi,Mehrdad Raissi,"Mehrdad Raissi Ardali, Voice actor, Voice Acting Director, CEO of Glory Entertainment مهرداد رئیسی، بنیان‌گذار گلوری انترتینمنت و انجمن گویندگان جوان تهران",15200,33,343,United States,https://pbs.twimg.com/profile_images/378800000763075768/153fad41083431944d3bbaff76ac7faf_200x200.jpeg,False,active
RamitaNavai,Ramita Navai,"Book: CITY OF LIES (Political Book Award) / Latest doc: GAZA: DOCTORS UNDER ATTACK 
@Channel4
 & 
@zeteo_news
 / Podcast: THE LINE OF FIRE (Apple top 10)",14800,1399,7257,Here and there.,https://pbs.twimg.com/profile_images/1962265874942844928/qWmbYQr7_200x200.jpg,False,active
SamiBeigi,Sami Beigi,"Samir Beigi Team | Official Links 
instagram.com/samibeigis --/--/-- 
soundcloud.com/samibeigi",14200,7,154,Tehran/Stockholm/Toronto/LA,https://pbs.twimg.com/profile_images/673760280652877824/l8gyReh5_200x200.jpg,False,active
azarnafisi,Azar Nafisi,"Author of the national bestseller Reading Lolita in Tehran, Things I’ve Been Silent about, The Republic of Imagination, That Other World, and Read Dangerously.",14200,1332,11400,DC/Republic of Imagination,https://pbs.twimg.com/profile_images/484089365736341504/wdqFAP2F_200x200.jpeg,False,active
UFLphilippines,UFLphilippines,The United Football League is the standard of club football in the Philippines,12100,0,46500,,https://pbs.twimg.com/profile_images/1601946989/Screen_shot_2011-10-23_at_10.37.52_AM_200x200.png,False,active
shahabedin76,شهاب‌الدين طباطبايى,"Member of International Federation of Journalists
عضو شورای اطلاع‌رسانی دولت",11700,942,1015,"Tehran, Iran",https://pbs.twimg.com/profile_images/1814416828451389440/FAX6ArB7_200x200.jpg,False,active
N_Khodakarami,Nahid Khodakarami,عضو هیئت علمی دانشگاه، فعال اجتماعی حوزه سلامت زنان و خانواده /women right and women health activist,11300,132,522,Islamic Republic of Iran,https://pbs.twimg.com/profile_images/1949106019277082624/unV-wwSA_200x200.jpg,False,active
jorjandii,Mohammad Jorjandi,"Independent investigative journalist (cybercrime) | NWU member | 
Webamooz.com & 
ScamMinder.com founder | Fighting scams & exposing fraud",11200,135,1017,"Florida, USA",https://pbs.twimg.com/profile_images/1963324429015900160/GdroP0v7_200x200.jpg,False,active
Powerlifting,Para Powerlifting,We're the International Federation of Paralympic powerlifting,11100,514,8628,"Bonn, Germany",https://pbs.twimg.com/profile_images/1980542930583457792/y1YoEhOh_200x200.jpg,False,active
nazaninarmanian,nazanin,"Analista política y traductora de persa y dari. Libros: ""No es la religión estúpido"" ""Irán la revolución constante"" ""Islam sin velo"" ""Kurdistán, el país ...""",11000,274,30400,"Barcelona, Valencia, Madrid",https://pbs.twimg.com/profile_images/1945489062304817154/dFPcsZEv_200x200.jpg,False,active
IranianWoman,Sheema Kalbasi شیما کلباسی,"Poet, Pushcart prize in poetry and PEN Award for Poetry in Translation nominee, Served in the Danish Defense, Worked for UNHCR and Center for Refugees",10800,771,19000,United States,https://pbs.twimg.com/profile_images/1743078457649610752/p9Z1j4jp_200x200.jpg,False,active
babaktafreshi,Babak Tafreshi,"@natgeo
 photographer from Earth to the universe, science journalist, founder of The World at Night (TWAN), saving our night skies, bridging art & science.",10200,284,1282,"Boston, MA",https://pbs.twimg.com/profile_images/993186674761961472/2bpJvSco_200x200.jpg,False,active
parsapirouzfar,Parsa Pirouzfar,"facebook.com/parsapirouzfar
…
instagram.com/parsapirou",10100,36,145,Los Angeles,https://pbs.twimg.com/profile_images/575139454232330242/BpYVUvr0_200x200.jpeg,False,active
IBAHRI,IBA's Human Rights Institute,The International Bar Association’s Human Rights Institute works to promote and protect human rights & the independence of the legal profession worldwide,10100,545,6186,London,https://pbs.twimg.com/profile_images/850019752630255618/G3zXNxE9_200x200.jpg,False,active
taraaghdashloo,Tara Aghdashloo,writer / filmmaker | t.a studios | a life of semiotics and semantics,10000,666,9734,"London, UK",https://pbs.twimg.com/profile_images/1638962180111343616/VvZH-vu6_200x200.jpg,False,active
behzadbolour,behzadbolour,"I am now 47 but feel like 48 & look 36. my life = my work. wear hat cause I'm bold. eat less than before. poet says: sworn to fun, Loyal to none! ارواح خیکم!",9549,31,58,,https://pbs.twimg.com/profile_images/2462143385/ny7frnxjfhbwy3vrzux4_200x200.jpeg,False,active
behdadesfahbod,Behdad Esfahbod,"Software Engineer consultant specializing on fonts and text.
@HarfBuzz
. Ex Facebook/Google/RedHat/FarsiWeb.

#WomenLifeFreedom",8870,3190,7158,"Edmonton, Canada",https://pbs.twimg.com/profile_images/1467332785052524549/yBJalOk3_200x200.jpg,False,active
Rezasadeghireal,Reza Sadeghi,Singer & Songwriter,8744,68,364,"Tehrān, IR",https://pbs.twimg.com/profile_images/1162854440686313474/90jwOg2O_200x200.jpg,False,active
HRANA_English,HRANA English,Human Rights Activists News Agency is the press association of the nonprofit organization Human Rights Activists in Iran. Media inquiries: info@hra-news.org,8666,42,15700,Tehran,https://pbs.twimg.com/profile_images/1020297518297448451/OhDhjcED_200x200.jpg,False,active
LommelSKOff,Lommel SK,𝓔𝓼𝓽. 𝟏𝟗𝟑𝟐  || #OurNature  || CPL,7962,65,15800,"Lommel, België",https://pbs.twimg.com/profile_images/1980531277540315136/BgIb-N4Y_200x200.jpg,False,active
davood_eldeniz,dr. eldeniz,"General practitioner (GP) 
medical doctor who treats acute and chronic illnesses and provides preventive care and health education to patients.",7957,3910,118700,,https://pbs.twimg.com/profile_images/1644241463843213312/lLEBS7jw_200x200.jpg,False,active
Banisadr,Abolhassan Banisadr,"#Iran's first president   | #جمهوری_ایران #جمهوری #ایران #بنی_صدر |   
Facebook.com/Banisadr 
Instagram.com/abanisadr 
T.me/ABanisadr",7780,0,353,"Paris, France",https://pbs.twimg.com/profile_images/952697029754523654/0NLWcoAu_200x200.jpg,False,active
fft_official,Tajikistan Football,"Official Twitter Account of the Tajikistan Football Federation.

Официальный twitter-аккаунт Федерации футбола Таджикистана.",7763,33,15100,"Душанбе, Таджикистан",https://pbs.twimg.com/profile_images/1214159983945797632/g4f-3QS0_200x200.jpg,False,active
ShaunToub,Shaun Toub,"Actor. IronMan, Homeland, Crash, 
etc.Love my work, Sports, beach, music. Follow me on Instagram, twitter, FB page 
facebook.com/ShaunToubOffic
…",7447,28,2534,"Santa Monica, CA",https://pbs.twimg.com/profile_images/738842066789142528/CljmEv_x_200x200.jpg,False,active
AfshinMolavi,Afshin Molavi,"Senior Fellow, 
@FPI_SAIS
; Founder, Emerging World 
eworld.substack.com Contributing Writer, 
@Forbes
 Tweets/Opinions My Own #EmergingMarkets #Geopolitics",7328,1697,4771,Washington DC,https://pbs.twimg.com/profile_images/1405859945/molavi_afshin_200x200.jpg,False,active
sorayanelson,SorayaSarhaddiNelson,"Host of 
@cgberlinpodcast
 talk show ""Common Ground Berlin,"" former NPR international correspondent and budding author in Berlin.",7271,1197,5128,"Berlin, Germany",https://pbs.twimg.com/profile_images/1574673097726349319/kkqYA4fB_200x200.jpg,False,active
kngwmn,Kris Esfandiari,geniemob.com,6964,325,894,,https://pbs.twimg.com/profile_images/1947493539216064512/4feAdjNP_200x200.jpg,False,active
sonitaalizadeh,Sonita Alizada,Sonita Alizadeh's official Twitter. Afghan rapper and activist who is fighting to #endchildmarriage. #sonitasdream #raptivist,6746,358,923,Global,https://pbs.twimg.com/profile_images/1230256966649491458/L6RorSDs_200x200.jpg,False,active
TahaYasseri,Taha Yasseri,"Workday Full Prof & Chair of Technology & Society 
@tcddublin
 & 
@WeAreTUDublin
. Director of the Centre for Sociology of Humans & Machines 
@SOHAM_Centre
.",6730,459,3368,Dublin,https://pbs.twimg.com/profile_images/1947751707921854465/77FnpRBJ_200x200.jpg,False,active
sussantweets,Sussan Tahmasebi سوسن,"Director of 
@FemenaNet
 Iranian feminist, WHRD #Iran #MENA #SWANA  سوسن  طهماسبی فمنیست. فعال حقوق زنان و حقوق بشر ایران و خاورمیانه",6710,1658,11800,"Washington, DC",https://pbs.twimg.com/profile_images/911146591297441793/17nEZ1n4_200x200.jpg,False,active
WeArePFL,Philippines Football League,The official X account of The Philippines Football League #WeArePFL,6203,72,5447,Republic of the Philippines,https://pbs.twimg.com/profile_images/1741689727592599552/dD5fyt-3_200x200.jpg,False,active
Mehdi_Rajabian,Mehdi Rajabian,"Composer, Arranger, Producer and the founder of the company BARG MUSIC.",6192,30,223,"Iran, Tehran",https://pbs.twimg.com/profile_images/1984689780500701184/EyKPT2zl_200x200.jpg,False,active
eyoussefian,Elham Youssefian,اینجا بیشتر از تجربیات شخصی خودم می‌نویسم به عنوان یک زن ایرانی نابینا. تحصیلاتم در حقوق بین‌الملل و حقوق بشر است. به لغو مجازات اعدام، شکنجه و تبعیض معتقدم.,6126,585,3608,,https://pbs.twimg.com/profile_images/1847363001805852672/DBZztnct_200x200.jpg,False,active
DinaNayeri,Dina Nayeri,"Who Gets Believed (2023), The Ungrateful Refugee,  for NYT, Guardian, NYer, NYMag, Granta, etc. wandering iranian, scribbler, reader, mom, university lecturer",5382,990,5274,London,https://pbs.twimg.com/profile_images/1141308027162759168/w1RJW6G8_200x200.png,False,active
Tooji_,Tooji,"The more real you get, the more unreal the world gets. -John Lennon",5283,87,1715,Oslo,https://pbs.twimg.com/profile_images/2182326642/image_200x200.jpg,False,active
paymanmaadi,Payman Maadi,"Director, Actor, Screenwriter",5202,86,10,Islamic Republic of Iran,https://pbs.twimg.com/profile_images/770222333160284161/fGq5iU99_200x200.jpg,False,active
yazdanicherati,Amirmohammad,امیرهستم یک کشتیگیر,5201,89,1456,,https://pbs.twimg.com/profile_images/1950530680758169600/yONOSQlw_200x200.jpg,False,active
HossainiSma,Seyed Mohammad Ali Hosseini,"Ex.Ambassador of I.R. #Iran to #Italy & #Pakistan
Ex-Deputy FM on  #International_Affairs
Ex- Spokesman of Ministry of #Foreign_Affairs",5015,20,2306,Iran,https://pbs.twimg.com/profile_images/903854997951193089/2VJFqGW-_200x200.jpg,False,active
dr_hsamsami,حسین صمصامی,"استاد اقتصاد دانشگاه شهید بهشتی؛
نمایندۀ مردم در مجلس شورای اسلامی؛
عضو کمیسیون اقتصادی مجلس؛ 

صفحه توسط ادمین، اداره می‌شود",4816,35,666,,https://pbs.twimg.com/profile_images/1976362526058164224/E5z10sE1_200x200.jpg,False,active
IndypersianLife,IndyPersian_LifeStyle,در این صفحه ایندیپندنت فارسی؛ خواندنی‌هایی از بخش زندگی، مُد و زیبایی، فرهنگ و هنر، تغذیه، ورزش و علوم به اشتراک گذاشته می شود.,4763,10,19400,,https://pbs.twimg.com/profile_images/1521784004940378112/M3i-vUNp_200x200.jpg,False,active
SaharZand,Sahar Zand,"Correspondent | News & Doc | 
@BBC
 @Channel4
 @Skynews
 @AJEnglish
 @CBSNews
 @abc
 @ITV
 @VICE
 @TedTalks
 | Agents 
@WME
 |London | British-Iranian | Views are my own",4675,623,1756,"London, England",https://pbs.twimg.com/profile_images/1890784998220828672/sw1u2WSh_200x200.jpg,False,active
mr_halloo,محمدرضا عالی پیام,شاعر و طنزپرداز منتقد,4525,17,37,,https://pbs.twimg.com/profile_images/742303370237607936/0N48U3k3_200x200.jpg,False,active
NavidNegahban,Navid Negahban,"Dreamer, Iranian, Actor, Producer",4478,128,2161,,https://pbs.twimg.com/profile_images/378800000625471192/80a9fd082f8c554a9ed70a7cd7aafc82_200x200.jpeg,False,active
paydar,Nasser Paydar,Assistant Secretary for Postsecondary Education at the U.S. Department of Education. Mechanical Engineer. Husband & father.,4180,2186,4943,"Washington, DC",https://pbs.twimg.com/profile_images/1201599021237899265/RwxVw98Z_200x200.jpg,False,active
Knifeworld,Kavus Torabi,Bookings- danaoxaal@gmail.com,4060,37,12100,"Glastonbury, England",https://pbs.twimg.com/profile_images/1871497397714452480/FjUPuXhn_200x200.jpg,False,active
RezaDormishian,Reza Dormishian,Director & Producer & Screenwriter,4058,0,408,,https://pbs.twimg.com/profile_images/1574017345194004482/HLHljubl_200x200.jpg,False,active
ardeshirpashang,Ardeshir Pashang,"PhD in International Relations
Researcher (IR & Middle East & Kurdish Studies)
Freelance Journalist
Chief Editor of Faratab (News Agency)",3807,396,6428,Tehran Iran,https://pbs.twimg.com/profile_images/1968267054093344768/oDV_6ty1_200x200.jpg,False,active
FarzadFarzin2,Farzad Farzin,"My Official Twitter Account
#Singer #Composer #Producer
youtube.com/c/farzadfarzin…",3651,1,840,Los Angeles,https://pbs.twimg.com/profile_images/841686741887123456/_4t3p2n0_200x200.jpg,False,active
asa,asa,"Just some guy in Seattle. If you're looking for the singer, she's 
@Asa_Official
.",3508,318,5108,Seattle,https://pbs.twimg.com/profile_images/53114868/IMAGE_311_200x200.jpg,False,active
art,Arthur Bullard,River man. IT geek for OII. Petrolhead.  Email twit@photonhunter.co.uk,3379,245,1828,,https://pbs.twimg.com/profile_images/1745566244/art_twitter_200x200.png,False,active
ajavadiamoli,جوادی آملی,بازنشر بیانات سایت رسمی | بدون وابستگی به دفتر,3337,0,18,Islamic Republic of Iran,https://pbs.twimg.com/profile_images/1739908242338152449/NRZXL5_0_200x200.jpg,False,active
AshKoosha,Ash Koosha,"CEO 
@claigrid",3237,742,1576,London/SF,https://pbs.twimg.com/profile_images/1834492333041364992/1LW3V1cK_200x200.jpg,False,active
UYI_fa,اتحاد جوانان ایران,ما اتحاد جوانان ایران، بدون هیچ وابستگی سیاسی، مطابق با اعتقاداتمان در مرامنامه پیمانی بسته‌ایم و تا آزادی ایران، دوشادوش یکدیگر مبارزه می‌کنیم.,3204,27,3094,ایران,https://pbs.twimg.com/profile_images/1638195589316849665/ocZ3bbEj_200x200.png,False,active
nouri_kasra,کسری نوری,"از مدیران سایت #مجذوبان‌_نور پایگاه خبری #دراویش_گنابادی 
@majzooban
 | حقوقدان",3187,202,938,"Tehran , Iran",https://pbs.twimg.com/profile_images/957272162674659329/rzIG-L15_200x200.jpg,False,active
roohallahj,روح الله جمعه ای,فعال سیاسی و رسانه ای ؛  دکترای جامعه شناسی سیاسی، ارشد روانشناسی,2853,288,2767,Islamic Republic of Iran,https://pbs.twimg.com/profile_images/1429910435214540803/fpsRB3Ep_200x200.jpg,False,active
rambodjavan1,rambod javan,بازیگر/مجری/کارگردان,2652,0,65,,https://pbs.twimg.com/profile_images/1051899691418443777/JJCD_kJT_200x200.jpg,False,active
mszarepour,Mohammad Saleh Zarepour,"Philosopher 
@MancPhilosophy
. Life member of 
@ClareHall_CAM
. Winner of 2023 Philip Leverhulme Prize in Philosophy and Theology.",2516,553,1134,"Manchester, England",https://pbs.twimg.com/profile_images/1699330770521751552/oKyGyF3Q_200x200.jpg,False,active
shayagoldoust,Shaya Goldoust,"""A window to my life"" #Transwoman  Journalist & Producer & Host at  
@RRKPersian
  & 
@iranwire",2404,45,123,"Vancouver, British Columbia",https://pbs.twimg.com/profile_images/1637985735092617216/m54VoUci_200x200.jpg,False,active
ShazamAzam,Lila Azam Zanganeh,"Lila's prize-winning first book, THE ENCHANTER 
@penguinbooks
, has been published in thirteen languages. Her new novel, EXIT PARADISE, is forthcoming in 2023.",2368,176,209,"New York, NY",https://pbs.twimg.com/profile_images/378800000739727794/9d9844d964186bff24b6a8581f715ee2_200x200.jpeg,False,active
KameelAhmady,Kameel Ahmady کامیل احمدی,Coordinating & Conducting Social Anthropology Research,2324,3787,464,,https://pbs.twimg.com/profile_images/1226128427553624064/jdVvgCDm_200x200.jpg,False,active
pepepito1983,Pegah Ferydoni,Cosmopolitan German Heiress • W*LF • תיקון עולם,2257,429,3829,"Berlin, Deutschland",https://pbs.twimg.com/profile_images/1594457776218062857/o4JXSNha_200x200.jpg,False,active
Nazli_Tabatabai,Nazli Tabatabai-Khatambakhsh BSc. MLitt MA SFHEA,"Libretto PGR, Prof. of Dramatic Writing, Assoc. Artist 
@guildhallschool
 | Assoc. Dir. 
@ArtsSanctuary
 | Assoc. Artist 
@Oxford_Drama
 | Governance 
@ISPA_global",2150,4629,13300,"London, United Kingdom",https://pbs.twimg.com/profile_images/1859152886090825729/nWQNDruf_200x200.jpg,False,active
fereshtehmol,Fereshteh Molavi,"fiction writer, essayist, coffee addict, author of THIRTY SHADOW BIRDS 
@InannaPub
 2019/tweets in English & Persian
t.me/fereshtehmolavi",1991,890,5569,"Toronto, Ontario",https://pbs.twimg.com/profile_images/1597217847238971392/cMg9bsSJ_200x200.jpg,False,active
RJahanbegloo,Ramin Jahanbegloo,"Philosopher. Director Mahatma Gandhi Centre for Peace, Vice Dean Law School Jindal Global University, Non-violence, Islam, India, Iran.",1951,176,55,,https://pbs.twimg.com/profile_images/2045644209/_MG_7312_200x200.jpg,False,active
CroSports_,CroSports,"I never said I was 'in the know' !!  However... I never said I wasn't a prorok, either.",1951,189,18400,,https://pbs.twimg.com/profile_images/598503484107976704/UZ3IQ4NH_200x200.jpg,False,active
Hyazdani_CH,Hassan Yazdani Charati,"Freestyle Wrestler - 86kg.
2016 Olympic Champion -
2017 World Champion 
- Walk Unafraid",1866,14,4,,https://pbs.twimg.com/profile_images/1019081905885417475/dRpu3Bzw_200x200.jpg,False,active
ChahlaCHAFIQ,Chahla Chafiq,"Écrivaine, sociologue",1863,827,1307,,https://pbs.twimg.com/profile_images/432124982043230208/_bJb-gPU_200x200.jpeg,False,active
PennHistory,Penn History,News and Views from the University of Pennsylvania Department of History.,1846,809,642,"Philadelphia, PA",https://pbs.twimg.com/profile_images/1161093051361763328/UDGOsgwo_200x200.jpg,False,active
Genomicien,Roxana Moslehi (رکسانا مصلحی),"Scientist, Educator, Thinker and Dreamer.",1810,64,1567,,https://pbs.twimg.com/profile_images/1466027424823619592/OBMhms0L_200x200.jpg,False,active
morimahmoudi,"Morteza Mahmoudi, PhD","Assoc Prof 
@michiganstateu
 | CoFounder 
@AcademicParity
 & 
@TargetsTip
 | Form Asst Prof 
@harvard
 | OPNs are my own",1738,524,2249,Michigan,https://pbs.twimg.com/profile_images/1935152376547049472/ABbQSm67_200x200.jpg,False,active
PouriaPoursorkh,Pouria Poursorkh,"OFFICIAL TWITTER ACCOUNT

(born on june 25 ,1977) is an Iranian Actor of Cinema & Television Series.
Instagram : PouriaPoursorkh",1722,7,79,,https://pbs.twimg.com/profile_images/662611480643244032/796oQ-ZW_200x200.jpg,False,active
yasminemotarjem,Yasmine Motarjemi,Public health and human right advocate.,1710,821,6461,"Nyon, Switzerland",https://pbs.twimg.com/profile_images/554286521230966786/Ke18hb4i_200x200.jpeg,False,active
saghi_ghahraman,Saghi Ghahraman,ساقی قهرمان‌بودنْ زندان نیست، بیابان است,1568,492,12200,"Toronto, Canada",https://pbs.twimg.com/profile_images/1725533740594515968/H7How25D_200x200.jpg,False,active
sraissadat,Sepideh Raissadat,"Persian classical vocalist and musician. PhD candidate in ethnomusicology at University of Toronto 
@UofTMusic
 سپیده رئیس سادات",1520,429,366,Germany,https://pbs.twimg.com/profile_images/2249696329/sepideh-portrait_200x200.jpg,False,active
25BandMusic,25Band,جان من فدای خاک پاک میهنم,1383,16,1186,,https://pbs.twimg.com/profile_images/1576268303483473920/_gvhxx-U_200x200.jpg,False,active
EddieRazaz,Eddie Razaz,Swedish based Recording artist/songwriter/actor signed with Warner Music Group.,1342,90,2719,"Stockholm, Sweden",https://pbs.twimg.com/profile_images/378800000219390205/da3410d83e1b4ae856c7c0cf9720ce57_200x200.jpeg,False,active
jtaimoorazy,juliana Taimoorazy (ܓ̰ܘܠܝܢܐ ܒܝܬ‐ܬܡܪ̈ܙܐ),"Assyrian Advocate, Founder Iraqi Christian Relief Council-
@IraqiChristian
, PhD Candidate-UT 
@Dallas
, Founder Assyrians Against Antisemitism, Grand Officer SMOTJ",1325,622,973,,https://pbs.twimg.com/profile_images/1429917726131228675/vDJER_HF_200x200.jpg,False,active
AlimbayevYerlan,Yerlan Alimbayev,Permanent Representative of Kazakhstan at the UNOG,991,706,3375,"Geneva, Switzerland",https://pbs.twimg.com/profile_images/1668497033940926464/z11UvANt_200x200.jpg,False,active
T_Javanbakht,"Taraneh Javanbakht, PhD, DEA, MSc, MA","Scientist, Inventor, Philosopher, Artist, Writer, Poet, Translator, Literary Critic, Peer Reviewer, Editor, Human Rights Activist, Politician",985,0,2130,Canada,https://pbs.twimg.com/profile_images/1845977494005936128/AwH3Y5wW_200x200.jpg,False,active
shahram_hds,shahram haghighat doust,actor,956,3,294,iran,https://pbs.twimg.com/profile_images/1987186606713794560/zQItEKUx_200x200.jpg,False,active
Alirezatalischi,Alireza Talischi,فن پیج,905,2,49,iran,https://pbs.twimg.com/profile_images/867850451919753218/BgDovQIv_200x200.jpg,False,active
Siavashshams,Siavash Shams,"Famous Persian singer, human, father, husband: Not in that order. Facebook 
facebook.com/officialsiavash 
instagram.com/siavashshams",894,4,813,Los Angeles,https://pbs.twimg.com/profile_images/1826758194/Siavash_Mohtaj_Fire1_200x200.jpg,False,active
nm,n,"I mainly retweet & ""like"" here. I try to make it unobvious who I know IRL so if I know you, I follow you in a private list. Note: ""like""≠like. AKA 
@alefsym",844,3626,12100,Earth,https://pbs.twimg.com/profile_images/1084479775148670977/5uJsrzPB_200x200.jpg,False,active
ArzhangDavoodi,arzhang,"ایران هرگز نمی‌میرد
صفحه رسمی ارژنگ داوودی:
معلم، شاعر، نویسنده؛
واضع نظام سیاسی-حقوقی وکیل‌جمهوری و طرح اقتصاد فراگیر",729,3,1148,,https://pbs.twimg.com/profile_images/1881054079633481728/ylmG_lsq_200x200.jpg,False,active
KavehAkbar,Kaveh Akbar _ AUTHOR,"Full-time writer, part-time daydreamer | Storytelling is my kind of magic #amwritting #writtingcommunity #booksky",727,902,745,,https://pbs.twimg.com/profile_images/1974877471938887680/LM9TY3wL_200x200.jpg,False,active
HosseinRajabian,Hossein Rajabian,"Filmmaker , Writer & Photographer",675,11,341,Iran,https://pbs.twimg.com/profile_images/1583542494863785984/JC2LHb1i_200x200.jpg,False,active
babakatwork,Babak Hodjat,Working on Evolutionary AI,669,71,479,,https://pbs.twimg.com/profile_images/682251511603171329/-zKyzdLD_200x200.jpg,False,active
MnMottaki,Manouchehr Mottaki,Iran former foreign minister منوچهر متکی,602,6,72,"Tehran, Iran",https://pbs.twimg.com/profile_images/1091788807530315776/vkf-J9BR_200x200.jpg,False,active
AzadehEnsha,Azadeh Ensha,,602,25,6,"Brooklyn, New York",https://pbs.twimg.com/profile_images/3390798393/cc2958770059edb2a78e32daefc38328_200x200.png,False,active
masoud_molavi,Masoud Molavi,"Official page of #DrMasoudMolavi (مسعودمولوی)
PhD in Artificial Intelligence
Iranian Scientist & Inventor

website: 
masoudmolavi.ir",506,1874,1294,"Tehran, Iran",https://pbs.twimg.com/profile_images/1027555188322787328/OINwe76U_200x200.jpg,False,active
BLOGS,blogs,,451,0,0,,https://abs.twimg.com/sticky/default_profile_images/default_profile_200x200.png,False,active
SaharValadbeygi,Sahar Valadbeygi,,383,26,23,,https://pbs.twimg.com/profile_images/1966799573780660224/6cYxyWwV_200x200.jpg,False,active
farvartishr,Farvartish Rezvaniyeh,Investigative Journalist,380,100,432,Tehran,https://pbs.twimg.com/profile_images/1934242631271522304/p4JWdeEP_200x200.jpg,False,active
azarmajedi,Azar Majedi,"Chair of Organisation for Women's Liberation-Iran, writer, producer/presenter of Medusa TV, political activist for freedom, equality and a just world.",354,169,9463,,https://pbs.twimg.com/profile_images/852553582096371712/tNWUSLiZ_200x200.jpg,False,active
kbarzeg,Kayhan Barzegar,"Professor, International Relations and Director, Center for Middle East Strateic Studies in Tehran",349,30,7,"Tehran, Iran",https://pbs.twimg.com/profile_images/1101980826244395011/vI5VoN-__200x200.jpg,False,active
madarandadkhah,madarandadkhah,,340,2,21,,https://pbs.twimg.com/profile_images/1365282095149498373/k1TYb-Nj_200x200.jpg,False,active
ZanZibaShirazi,Ziba Shirazi,"Iranian-American poet, singer, songwriter and storyteller.  check out my website for upcoming events:  
ZibaShirazi.com",308,12,4329,Los Angeles,https://pbs.twimg.com/profile_images/1406850671169605639/s_dqFA4r_200x200.jpg,False,active
MasoudTaheri4,Masoud Taheri,"Writer, Producer & Director: Filmmaker",307,316,132,Tehran,https://pbs.twimg.com/profile_images/1778522291535511552/ISZ5VvEV_200x200.jpg,False,active
aliyanazarbaeva,Әлия  Назарбаева,"Әлия Нұрсұлтанқызы Назарбаева

Алия Нурсултановна Назарбаева

Aliya Nursultanovna Nazarbayeva",287,19,1,Казахстан,https://pbs.twimg.com/profile_images/2418094985/ulll1ei9cxw2i68zz3j5_200x200.jpeg,False,active
YaraShahidi,Yara Shahidi,,267,0,0,,https://pbs.twimg.com/profile_images/1877540023983288321/d-FKB--B_200x200.jpg,False,active
thebest,thebest,What else is there to say?,262,0,10,,https://pbs.twimg.com/profile_images/1250534415584952321/4Dphy5Oz_200x200.jpg,False,active
thirst,thirst,WOW Your Learners,253,606,1206,"Manchester, England",https://pbs.twimg.com/profile_images/1886706353072193536/YDc2hXHZ_200x200.jpg,False,active
rezjazz,Reza Rohani Official,,246,64,13,,https://pbs.twimg.com/profile_images/647035538072031232/6rTbcOfT_200x200.jpg,False,active
asre_majles,عصر مجلس,کانال اخبار مجلس؛ عصر مجلس / بررسی تخصصی اخبار حوزه قوه مقننه و شورای شهر بدون جانبداری؛ اینجا واقعیت‌های پارلمان منعکس می‌شود,222,133,242,Islamic Republic of Iran,https://pbs.twimg.com/profile_images/1455608983084048395/zgxMpSua_200x200.jpg,False,active
mr_geraei,MohammadReza Geraei,Olympic & world champion,221,10,5,shiraz,https://pbs.twimg.com/profile_images/1417332345531731968/LzN5PCI1_200x200.jpg,False,active
Mahdikouchakof,مهدی کوچک زاده,"نمایندهٔ تهران، ری، شمیرانات و اسلامشهر از حوزه انتخابیه تهران در دوره‌های هفتم، هشتم و نهم مجلس شورای اسلامی،
عضو کمیسیون آموزش و تحقیقات و جبهه پایداری",220,27,8,Islamic Republic of Iran,https://pbs.twimg.com/profile_images/838498589026443264/4zVY6Dws_200x200.jpg,False,active
sahardolatshahi,sahar dolatshahi,,216,412,75,,https://pbs.twimg.com/profile_images/2622176838/efaf2_200x200.jpg,False,active
Mehrdad_Asemani,Mehrdad Asemani,تنها صفحه رسمی مهرداد آسمانی Iranian pop singer,210,2,2822,"Irvine, CA",https://pbs.twimg.com/profile_images/1596594907245727745/_u3-nk6u_200x200.jpg,False,active
MarjanFarsad,Marjan Farsad,,183,37,0,,https://pbs.twimg.com/profile_images/1417557368435462144/P2zIZYzg_200x200.jpg,False,active
roozbeh_azar,Roozbeh Azar,"Roozbeh Azar is an Iranian solo guitarist in flamenco and fusion guitarist.
Instagram
instagram.com/roozbehazaroff
…
Google 
 
g.co/kgs/Rr7UeU",182,679,51,"Mashhad, Iran",https://pbs.twimg.com/profile_images/1347220859057037315/ehe-ScE9_200x200.jpg,False,active
shahrumkashani,shahrumkashani,"Instagram.com/shahrumk 
facebook.com/shahrumk",160,65,292,Los Angeles/BUDROM/DUBAIE,https://pbs.twimg.com/profile_images/378800000503772535/f9e58352c4a3c1569f38745dc8fd64f0_200x200.jpeg,False,active
CathyManso,Catherine Manso,Journalist  Globetrotter  Shower Singer,133,142,759,"New York, USA",https://pbs.twimg.com/profile_images/1253496800532590592/F4WABfrO_200x200.jpg,False,active
MasoudiYounes,younes_masoudi,"The Manager Of Payam Toos Club
AFC B LICENSE COACH 
PROFESSIONAL SOCCER COACHE
facebook.com/yunes.masodi
yonesmasodi.blogfa.com",99,706,339,"Istanbul, Turkey",https://pbs.twimg.com/profile_images/1304161117212749824/Ae5jgonW_200x200.jpg,False,active
mhhansari,M.H. Ansari,A theoretical physicist,92,104,360,,https://pbs.twimg.com/profile_images/378800000527105953/2da4bcf866d57dc4055391f6d35c33bf_200x200.jpeg,False,active
younesdelfi,Younesdelfi,Younes Delfi,85,0,25,,https://pbs.twimg.com/profile_images/1497931686151139334/-sfMF3r3_200x200.jpg,False,active
Pey_keshavarzi,Peyman Keshavarzi Nazarloo,"Peyman Keshavarzi Nazarloo is an Iranian footballer.
Instagram 
instagram.com/impyman
Facebook 
facebook.com/impeyman5
IMDb 
imdb.com/name/nm11924420",84,307,166,Azerbaijan,https://pbs.twimg.com/profile_images/1353878792415010817/cbqooL_S_200x200.jpg,False,active
tajmedun,ТГМУ имени Абуали ибни Сино,Официальная страница ТГМУ имени Абуали ибни Сино,62,1,151,Tajikistan,https://pbs.twimg.com/profile_images/984300454086668289/taG5_dh8_200x200.jpg,False,active
HamidDabashi,Hamid Dabashi,,54,0,0,,https://abs.twimg.com/sticky/default_profile_images/default_profile_200x200.png,False,active
dastournezhad,Boshra Dastournezhad,,51,0,14,,https://pbs.twimg.com/profile_images/814615187235946496/fftI9lYU_200x200.jpg,False,active
MehdiKhalaji,MehdiKhalaji,,50,0,0,"Washington, DC",https://pbs.twimg.com/profile_images/950393183522951170/NlzTHR1B_200x200.jpg,False,active
FMiraftab,faranak miraftab,"urbanist, Professor at University of Illinois",32,0,0,,https://abs.twimg.com/sticky/default_profile_images/default_profile_200x200.png,False,active
BitaAlahyan,Bita Alahyan,"Director 
Producer 
Filmmaker",26,148,8,"Los Angeles, CA",https://pbs.twimg.com/profile_images/841547695076462592/TN-EhKLy_200x200.jpg,False,active
Hossein_kanaani,Hossein kanaani,Professional football player Hossein Kanaanizadegan,17,27,4,Islamic Republic of Iran,https://pbs.twimg.com/profile_images/1579168466371837952/QQdHY2dW_200x200.jpg,False,active
soleimanpour,Alireza Soleimanpour,,13,0,4,,https://abs.twimg.com/sticky/default_profile_images/default_profile_200x200.png,False,active
stronger,Stronger,Infinitely stronger,10,0,0,,https://pbs.twimg.com/profile_images/1818676996093702144/mK4FSbHy_200x200.jpg,False,active
ShivaBoloorian,Shiva Boloorian,"Shiva Boloorian (Persian: شیوا بلوریان) is an Iranian Actress, Director and Writer, as well as a TV moderator.",7,0,0,,https://pbs.twimg.com/profile_images/1079883468723630081/4Jz91rU1_200x200.jpg,False,active
tudum,nguyen thanhtu,,6,0,0,,https://abs.twimg.com/sticky/default_profile_images/default_profile_200x200.png,False,active
shivanegar,ky,,6,82,11,,https://pbs.twimg.com/profile_images/771752932500992000/7VE83Utf_200x200.jpg,False,active
FarshidiParisa,Parisa Farshidi,"Asian Games 2010 
Asian Championships 
Islamic Solidarity Games 
CrossFit and TRX Coach 
Berlin",3,5,0,,https://pbs.twimg.com/profile_images/1303698886498934786/BJJlKy42_200x200.jpg,False,active
HurieMoghadam,Hurie Moghadam,director of the show&actor                           horseoman                                                        درنهایت قدرت ،انسان باش,3,2,3,Tehran,https://pbs.twimg.com/profile_images/1420036413924548615/WB-zF6W__200x200.jpg,False,active
ptofighi,Pyman tofighi,من یک (کارگر پرولتر )سوسیالیست هستمکشور من زمین وما شهروند جهان هستیم مرزهاراکسانی دیگر تعریف کردند,2,42,60,,https://pbs.twimg.com/profile_images/1443730758816894985/gw31cXUl_200x200.jpg,False,active
MehranX,Mehran,,1,2,16,,https://pbs.twimg.com/profile_images/1974869330060775424/jQTE21no_200x200.jpg,False,active
SamiYusuf,Sami Yusuf,"British composer & musician. Pioneer of World Music Traditions. Listen/Watch ‘Nasimi’ now: 
SY.lnk.to/Nasimi-Between
… Reposts ≠ endorsements",621500,5,23700,towards The Centre,https://pbs.twimg.com/profile_images/1702931319410364416/4wIMDQol_200x200.jpg,False,active
RTSinfrarouge,Infrarouge (compte archivé),"Ce compte n'est plus actif. Pour suivre Infrarouge, allez sur 
rts.ch/infrarouge. Pour suivre la RTS sur X, rendez-vous sur 
@RadioTeleSuisse
.",14000,904,6851,"Genève, Suisse",https://pbs.twimg.com/profile_images/1486386285312892929/ZPVe9_BP_200x200.png,False,active
PollaGarmiany,Polla Garmiany,"Americanist, Euro-Kurd, Advisor, TV & Online Creator, Entrepreneur, Environmentalist, Economist & SciFi Addict. Kurdayetî.",14200,376,6337,European Union / Kurdistan,https://pbs.twimg.com/profile_images/1567490053135368195/-ZpO_auL_200x200.jpg,False,active
PersisMK,Ｐｅｒｓｉｓ,"اسلام و حکومت اسلامی جز فقر و فلاکت و فساد برای این مرز و بوم نیاورد... 

پاینده ایران، جاويد شاه",302,456,7611,IRAN,https://pbs.twimg.com/profile_images/1882381575679025152/KLPvZ45I_200x200.jpg,False,active
Wnicholasgomes,William Gomes,"An author, freelance journalist, anti-racism campaigner, and advocate for the rights of displaced people.",26900,21200,312200,York,https://pbs.twimg.com/profile_images/1599170080075653120/hvzHxQ-m_200x200.jpg,False,active
gc_zuerich,פרופיל,,23000,104,13100,,,False,active
en,enちゃん,2文字アカウントです,2897,4079,97600,,https://pbs.twimg.com/profile_images/998001343066353665/GVIZUPsG_200x200.jpg,False,active
followupiran,פרופיל,,2000,0,1333,,,False,active
hasan_abbasi,פרופיל,,172200,10,762,,,False,active
h0d3r,פרופיל,,12600,13700,9420,,,False,active
gmziarani,פרופיל,,69,232,787,,,False,active
MoeBarEl1,Moe Bar-El,,0,1,0,,https://abs.twimg.com/sticky/default_profile_images/default_profile_200x200.png,False,active
lianaagh,LA,"Journalist | Iranian-Armenian-American refugee alien | Underreported People & Issues | Repped by 
@monikavermaLGR",20400,3377,12500,California,https://pbs.twimg.com/profile_images/1827572164561924098/YZabdo4e_200x200.jpg,False,active
lilymazahery,Lily,,5078,414,39000,,https://pbs.twimg.com/profile_images/1818253133476159488/GdCzGnbT_200x200.jpg,False,active
JohnKerry,John Kerry,"Teresa's husband, 28 years representing Massachusetts in the U.S. Senate, 68th U.S. Secretary of State, now fighting the climate crisis.",3000000,569,2817,Proud Bostonian,https://pbs.twimg.com/profile_images/1205176184906092545/fI6BP6PK_200x200.jpg,False,active
habibalkaabi1,פרופיל,,9037,1186,5941,,,False,active
hamidrasaee,פרופיל,,94800,75,3085,,,False,active
hemmati_ir,פרופיל,,104200,8,645,,,False,active
helalireza,פרופיל,,31600,21,703,,,False,active
hassaninmubarak,פרופיל,,4016,181,13600,,,False,active
hosdehghan,פרופיל,,9,0,3,,,False,active
idavar,פרופיל,,5831,0,13500,,,False,active
hosseinbastani,פרופיל,,343400,1515,31200,,,False,active
HeshmatAlavi,Heshmat Alavi,,0,0,112000,,,False,active
mehdikarampour,Mehdi Karampour,,1822,143,117,,https://pbs.twimg.com/profile_images/1567844762299895811/eqw4wrxL_200x200.jpg,False,active
masoud,masoud.aghaie,,0,75,20,,https://pbs.twimg.com/profile_images/18613462/0.101168372762_reasonably_small.gif,False,active
meftah,محمدصالح مفتاح,,0,0,37200,,,False,active
naderhabibi2,Nader Habibi,,0,0,500,,,False,active
zhubinparang,Zhubin Parang,darling of the so-called city fathers,7724,497,25,,https://pbs.twimg.com/profile_images/1716560221919666176/DIm4vb-S_200x200.jpg,False,active
