tweet_id,username,created_at,text,replies,retweets,likes,url
1177960131075739648,afarouk92,2019-09-28 14:55:55.346000+00:00,"""نسيان الأهداف خلال الرحلة غالبًا ما يُنسي الهدف. كل مهنة يختارها الإنسان لتحقيق هدف ما، ثم تصير هي الهدف في حد ذاته. إن نسياننا أهدافنا هو الأكثر تكرارًا بين جميع أفعالنا الغبية"".
#فريدريك_نيشته",0,0,0,https://x.com/afarouk92/status/1177960131075739648
2023060540722237827,afarouk92,2026-02-15 15:43:14.212000+00:00,"الخارجية الإيرانية:
عباس عراقتشي يتوجه إلى سويسرا على رأس وفد دبلوماسي لإجراء الجولة الثانية من المحادثات النووية

المحادثات النووية غير المباشرة مع واشنطن تعقد الثلاثاء بوساطة وجهود عمان

عراقتشي سيلتقي بجنيف نظيريه السويسري والعماني ومدير عام 
@iaeaorg",0,0,0,https://x.com/afarouk92/status/2023060540722237827
2022570972881019360,afarouk92,2026-02-14 07:17:52.143000+00:00,"مقال | ما لم يُقل عن المفاوضات الإيرانية الأميركية | حازم كلاس

يفاوض الإيرانيون حول رفع العقوبات مقابل تطمينات بشأن البرنامج النووي الإيراني. وفي هذا تفاصيل كثيرة؛ فالعقوبات متعدّدة ومتشابكة وعلى مستويات مختلفة، ونسب التخصيب وأعداد أجهزة الطرد، وكل ما يرتبط بتقنيات إيران النووية",0,0,0,https://x.com/Hazem_Kallass/status/2022570972881019360
2022381061905559798,afarouk92,2026-02-13 18:43:13.838000+00:00,عقدت البعثات الدائمة للصين وإيران وروسيا في المنظمات الدولية في فيينا جولة أخرى من المشاورات الثلاثية حول القضايا المتعلقة بالبرنامج النووي الإيراني.,0,0,0,https://x.com/afarouk92/status/2022381061905559798
2021930245541011627,afarouk92,2026-02-12 12:51:50.841000+00:00,"إيران بين تيارين.. واجهة انتخابية إصلاحية والحسم للمحافظين

على الجزيرة نت
 
aja.ws/wtk1vi via 
@AJArabicnet",0,0,0,https://x.com/ghazal_aryahi/status/2021930245541011627
2021598563449376840,afarouk92,2026-02-11 14:53:51.668000+00:00,أمين المجلس الأعلى للأمن القومي الإيراني علي لاريجاني، يلتقي في الدوحة رئيس المجلس القيادي لحركة المقاومة حماس محمد درويش، ووفد من قيادة الحركة,0,0,0,https://x.com/afarouk92/status/2021598563449376840
2021322084681445782,afarouk92,2026-02-10 20:35:13.993000+00:00,"وزير الخارجية اللبناني يوسف رجي، يستقبل سفير  إيران لدى بلاده مجتبى أماني ، في زيارة بروتوكولية بمناسبة الانتهاء من مهامه الدبلوماسية في لبنان.

جدير بالذكر أن السفير محمد رضا رؤوف شيباني سيخلف أماني سفيرا لإيران في بيروت",0,0,0,https://x.com/afarouk92/status/2021322084681445782
2021298139378893234,afarouk92,2026-02-10 19:00:04.988000+00:00,"أمين المجلس الأعلى للأمن القومي الإيراني: 

-المفاوضات مع واشنطن حول الملف النووي و طرح قضايا أخرى سيفشل المفاوضات 

-يجب عدم رفع التوقعات من المفاوضات 

-الرئيس الامريكي تحدث عن ""الاسلحة النووي"" و في هذا المجال يمكن التوصل لاتفاق",0,0,0,https://x.com/afarouk92/status/2021298139378893234
2021298149852057815,afarouk92,2026-02-10 19:00:07.485000+00:00,"-دول المنطقة كان لها دور كبير في تسهيل و دعم مسار المفاوضات

-إيران كانت دائما داعية للحوار لكن هناك من اراد اعتماد "" لغة القوة"" وعرف النتائج

-ربما نشهد في المرحلة المقبلة تغيرا في المواقف السياسية",0,0,0,https://x.com/afarouk92/status/2021298149852057815
2021298156432945600,afarouk92,2026-02-10 19:00:09.054000+00:00,"-المفاوضات مع أمريكا كانت جيدة إلى حد ما، ويبدو أنهم يريدون التقدم في هذه المحادثات نحو حل، لكن لا يمكن الحكم الكامل بعد على اجتماع واحد، ويجب أن نتابع استمرارها 

-يجري حاليا التشاور بشأن موعد الجولة القادمة من المفاوضات، وسيتم الإعلان عنه في المستقبل",0,0,0,https://x.com/afarouk92/status/2021298156432945600
2021258803769966815,afarouk92,2026-02-10 16:23:46.648000+00:00,"رئيس لجنة الأمن القومي والسياسة الخارجية البرلمانية الإيراني إبراهيم عزيزي، يستقبل السفير السعودي لدى بلاده عبد الله بن سعود العنزي
عزيزي:
ينبغي للبلدين أن يضطلعا بدور محوري في التطورات الإقليمية وأن تضمنا الأمن المستدام من دون وجود قوى أجنبية",0,0,0,https://x.com/afarouk92/status/2021258803769966815
2021258806039085556,afarouk92,2026-02-10 16:23:47.189000+00:00,"وجود القوى من خارج المنطقة لا يجلب الأمن بل يؤدي إلى مزيد من عدم الاستقرار

الكيان الصهيوني والولايات المتحدة يسعيان إلى إضعاف أمن إيران والمنطقة إلا أنهما فشلا في بلوغ أهدافهما",0,0,0,https://x.com/afarouk92/status/2021258806039085556
2021258810011091450,afarouk92,2026-02-10 16:23:48.136000+00:00,"وكالة الإذاعة والتلفزيون نقلا عن السفير السعودي:
التنسيق بين إيران والسعودية هو أفضل رد على ممارسات الكيان الإسرائيلي

تعزيز العلاقات الثنائية يبعث برسالة واضحة إلى الأطراف المخربة في المنطقة

السعودية ترى أن حل القضايا الإقليمية لا يمر عبر الحرب",0,0,0,https://x.com/afarouk92/status/2021258810011091450
2021224712311828840,afarouk92,2026-02-10 14:08:18.611000+00:00,أمين المجلس الأعلى للأمن القومي الإيراني علي لاريجاني، يلتقي المتحدث باسم حكومة صنعاء محمد عبد السلام في العاصمة مسقط,0,0,0,https://x.com/afarouk92/status/2021224712311828840
2021224777264886144,afarouk92,2026-02-10 14:08:34.097000+00:00,وخلال زيارته مسقط، التقى لاريجاني كلا من السلطان هيثم بن طارق، ووزير الخارجية بدر البوسعيدي، ووزير المكتب السلطاني الفريق أول سلطان بن محمد النعماني، الذي استقبل لاريجاني في المطار.,0,0,0,https://x.com/afarouk92/status/2021224777264886144
2020948455963631916,afarouk92,2026-02-09 19:50:33.965000+00:00,من المقرر أن يلتقي أمين المجلس الأعلى للأمن القومي في إيران علي لاريجاني، خلال زيارته مسقط غدا الثلاثاء السلطان العماني هيثم بن طارق، ووزير الخارجية العماني بدر البوسعيدي.,0,0,0,https://x.com/afarouk92/status/2020948455963631916
2020932954629996892,afarouk92,2026-02-09 18:48:58.159000+00:00,"أجرى وزير الخارجية الإيراني مكالمات هاتفية منفصلة مع وزراء خارجية تركيا ومصر والسعودية. ووصف المحادثات مع أميركا بأنها ""بداية جيدة"" لكنه شدد على ضرورة إزالة عدم الثقة فيما يتعلق بنوايا الولايات المتحدة. ورحب وزراء الخارجية بالمحادثات باعتبارها حيوية للاستقرار الإقليمي.",0,0,0,https://x.com/afarouk92/status/2020932954629996892
2020841786047176981,afarouk92,2026-02-09 12:46:41.875000+00:00,الاعتقالات الأخيرة في إيران تأتي على خلفية ما يوصف بأنه محاولة انقلاب ناعم، ويتردد من ضمن المنخرطين فيها أسماء شخصيات كبيرة من بينها مسؤول واظب مؤخرا على الحديث عن ضرورة تغيير البرادايم السياسي والاقتصادي لإيران.,0,0,0,https://x.com/AlsmadiFatima/status/2020841786047176981
2020584088114262168,afarouk92,2026-02-08 19:42:41.900000+00:00,"موقع جماران المقرب من حسن الخمینی:

زيارة مرتقبة لأحد كبار المسؤولين الإيرانيين عُمان

وفقا لأحاديث، ستجرى زيارة مهمة خلال الأيام القادمة على مستوى رفيع بالنظام

تشير التكهنات إلى تسارع وتيرة العملية الدبلوماسية في الدولة المضيفة للمحادثات الإيرانية الأمريكية",0,0,0,https://x.com/afarouk92/status/2020584088114262168
2020549015285141735,afarouk92,2026-02-08 17:23:19.886000+00:00,مصادر إيرانية إصلاحية تتحدث عن اعتقال الاستخبارات الحرس الثوري رئيسة جبهة الاصلاح آذر منصوري,0,0,0,https://x.com/afarouk92/status/2020549015285141735
2020563993123795308,afarouk92,2026-02-08 18:22:50.881000+00:00,"وكالة فارس الإيرانية:

اعتقال (القيادات الإصلاحية) آذر منصوري، وإبراهيم أصغر زاده، ومحسن أمين‌ زاده من قبل الجهات الأمنية والقضائية.

التهم الموجهة إليهم تشمل استهداف التماسك الوطني، واتخاذ مواقف ضد الدستور، والتنسيق مع دعاية العدو، والترويج لنهج الاستسلام.",0,0,0,https://x.com/afarouk92/status/2020563993123795308
2020563996525342850,afarouk92,2026-02-08 18:22:51.692000+00:00,"تشمل التهم أيضًا السعي إلى حرف التيارات السياسية، وإنشاء آليات سرّية ذات طابع تخريبي داعي لاسقاط النظام.

مصدر مطلع لـ ""فارس"":

 على الرغم من تحمّل مواقفهم الانتقادية السابقة، إلا أنه وبسبب استمرار أنشطتهم المضادة للأمن، جرى التعامل معهم وفقًا للقانون.",0,0,0,https://x.com/afarouk92/status/2020563996525342850
2020545965233434884,afarouk92,2026-02-08 17:11:12.697000+00:00,"إيران تنتقد ذاتها وتفتح ملف ""الأخطاء"" تجاه دول الجوار

على الجزيرة نت
 
aja.ws/5j1iva via 
@AJArabicnet",0,0,0,https://x.com/ghazal_aryahi/status/2020545965233434884
2020163880853319873,afarouk92,2026-02-07 15:52:56.682000+00:00,"الملف النووي الإيراني يرجع للواجهة من جديد…
مفاوضات، ضغوط، وتساؤلات كثيرة.

هل نحن أمام اتفاق قريب؟
وهل تملك إيران فعلاً ما يُثار حوله الجدل؟

انتظروا الحلقة القادمة  .
@Alihashem",0,0,0,https://x.com/bymahfoof/status/2020163880853319873
2020068111878066176,afarouk92,2026-02-07 09:32:23.579000+00:00,"ملاحظات اليوم التالي…
هناك فرق شاسع بين الفرص الدبلوماسية وبين التفاؤل. وما نتج عن لقاءات مسقط أقرب إلى الاحتمال الأول منه إلى الثاني… نعم، القنوات فتحت، لكن هذا لا يعني بالضرورة أن خط نهاية واضح. 
لقد رأينا هذا المشهد من قبل العام الماضي، كانت المفاوضات قريبة من التوصل إلى",0,0,0,https://x.com/Alihashem/status/2020068111878066176
2020055652702531999,afarouk92,2026-02-07 08:42:53.080000+00:00,وزير الخارجية الإيراني عباس عراقتشي، يلتقي نظيره القطري محمد بن عبد الرحمن آل ثاني، في #الدوحة,0,0,0,https://x.com/afarouk92/status/2020055652702531999
2019819766161318276,afarouk92,2026-02-06 17:05:33.346000+00:00,"العاشرة بتوقيت مسقط.. ما الذي جرى في المفاوضات الإيرانية الأمريكية؟ 

مادتي على الجزيرة نت
aja.ws/ybsbaz via 
@AJArabicnet",0,0,0,https://x.com/ghazal_aryahi/status/2019819766161318276
2019855675484962907,afarouk92,2026-02-06 19:28:14.796000+00:00,"مصدران إيرانيان ومصدر عماني لـ 
@IranNuances
 : كان التواصل القصير بين وزير الخارجية الإيراني والمبعوث الرئاسي الأمريكي وجاريد كوشنر في مسقط تحية بسيطة كممارسة دبلوماسية معتادة تم إجراؤها خلال الجولات السابقة أيضا.",0,0,0,https://x.com/afarouk92/status/2019855675484962907
2019840997786808368,afarouk92,2026-02-06 18:29:55.360000+00:00,"مصادر لـ أكسيوس:

ويتكوف وكوشنر التقيا مباشرة مع وزير الخارجية الإيراني خلال محادثات مسقط",0,0,0,https://x.com/afarouk92/status/2019840997786808368
2019808482262937810,afarouk92,2026-02-06 16:20:43.055000+00:00,"وزير الخارجية الإيراني عباس عراقتشي، يتوجه إلى الدوحة للمشاركة في أعمال الدورة الـ 17 لمنتدى الدوحة بوصفه ضيفًا خاصًا على المنتدى.

من المقرر أن يلتقي عراقتشي نظيره القطري محمد بن عبد الرحمن، بالإضافة إلى إلقاءه كلمة في أعمال المنتدى.",0,0,0,https://x.com/afarouk92/status/2019808482262937810
2019773692834631812,afarouk92,2026-02-06 14:02:28.609000+00:00,"وزير الخارجية الإيراني عباس عراقتشي:

 أجرينا محادثات مطولة، والبداية كانت جيدة

 خلال محادثات مسقط تمت الإشارة إلى مصالحنا وحقوق الشعب الإيراني والأجواء كانت إيجابية

هناك اتفاق على استمرارية التفاوض بشكل عام",0,0,0,https://x.com/afarouk92/status/2019773692834631812
2019779815906083207,afarouk92,2026-02-06 14:26:48.463000+00:00,"وردًا على سؤال إن طرحت قضايا المنطقة في المفاوضات:

لا نناقش إلا الملف النووي و لكن ذكرنا أن المحادثات النووية وحل القضايا الرئيسية يجب أن يتم  في جو هادئ، دون توتر أو تهديدات.",0,0,0,https://x.com/afarouk92/status/2019779815906083207
2019769385162879130,afarouk92,2026-02-06 13:45:21.580000+00:00,"التلفزيون الإيراني:

وزير الخارجية عباس عراقتشي سيتحدث عن نتائج المفاوضات النووية على التلفزيون الإيراني بعد دقائق",0,0,0,https://x.com/afarouk92/status/2019769385162879130
2019763809225769430,afarouk92,2026-02-06 13:23:12.173000+00:00,التلفزيون الإيراني: انتهاء المحادثات بين الإيرانيين والأميركيين وعودة فريق التفاوض الإيراني إلى مقر إقامته,0,0,0,https://x.com/afarouk92/status/2019763809225769430
2019646873531711546,afarouk92,2026-02-06 05:38:32.531000+00:00,صرّح المتحدث باسم وزارة الخارجية الإيرانية، ردًّا على سؤال مراسل «إيران‌ویو۲۴» في مسقط، بأن استمرار المباحثات يتوقف على نهج وإرادة الجانب الأمريكي، مضيفًا أنه إذا أبدى الفريق الأمريكي الجدية اللازمة، فمن الممكن طرح آليات مقترحة لدفع المفاوضات إلى الأمام.,0,0,0,https://x.com/IranView24_Ar/status/2019646873531711546
2019746951969865844,afarouk92,2026-02-06 12:16:13.090000+00:00,"مراسل «إيران فيو 24» من مسقط:
انتهت الجولة الثانية من المحادثات، وتقوم الوفدان الإيراني والأمريكي حاليًا بإجراء مشاورات مع عاصمتيهما أو داخل كل وفد. ولا يزال الصحفيون بانتظار المواقف والتصريحات الرسمية.",0,0,0,https://x.com/IranView24_Ar/status/2019746951969865844
2019720334333894884,afarouk92,2026-02-06 10:30:26.951000+00:00,مباحثات لوزير الدفاع الإيراني مع رئيس أذربيجان في العاصمة باكو,0,0,0,https://x.com/afarouk92/status/2019720334333894884
2019757551290597576,afarouk92,2026-02-06 12:58:20.165000+00:00,"وكالات إيرانية نقلا عن الرئيس الأذربيجاني:

نضع دائمًا تعزيز أمن واستقرار إيران في صدارة اهتماماتنا.

في إطار العلاقات الودية والأخوية، لن نسمح بأن يتعرض أي تهديد للجمهورية الإسلامية الإيرانية.",0,0,0,https://x.com/afarouk92/status/2019757551290597576
2019728868329083128,afarouk92,2026-02-06 11:04:21.614000+00:00,وكالة تسنيم الإيرانية: الجولة الثانية من المحادثات بين عراقجي ووزير الخارجية العماني اختتمت قبل قليل,0,0,0,https://x.com/afarouk92/status/2019728868329083128
2019667940766020073,afarouk92,2026-02-06 07:02:15.351000+00:00,وزير الخارجية الإيراني عباس عراقتشي، يلتقي نظيره العماني بدر البوسعيدي، قبيل انطلاق المفاوضات مع المبعوث الأميركي ستيف ويتكوف,0,0,0,https://x.com/afarouk92/status/2019667940766020073
2019667992502833616,afarouk92,2026-02-06 07:02:27.686000+00:00,يجب احترام التعهدات. فالمساواة في المكانة، والاحترام المتبادل، والمصالح المشتركة ليست مجرد شعارات، بل تمثل ضرورة لا مفرّ منها، وتشكل ركائز أساسية لأي اتفاق مستدام.,0,0,0,https://x.com/afarouk92/status/2019667992502833616
2019677545676054540,afarouk92,2026-02-06 07:40:25.340000+00:00,"الخارجية الإيرانية:

بدأت في مسقط الجولة الأولى من المفاوضات النووية، إذ التقى وزير الخارجية الإيراني عباس عراقتشي، نظيره العُماني بدر البوسعيدي، لبحث آلية التقدم في مفاوضات إيران–أميركا.",0,0,0,https://x.com/afarouk92/status/2019677545676054540
2019666846962643121,afarouk92,2026-02-06 06:57:54.568000+00:00,"I’ve been covering this story for years. This, however, is the strangest because of what I feel from people; mixed feelings.
They don’t know whether to fear a war or to have hopes over these negotiations.
It’s not clear to anyone whether these negotiations are going to get them",0,0,0,https://x.com/Alihashem/status/2019666846962643121
2019517115980820694,afarouk92,2026-02-05 21:02:55.920000+00:00,"وزير الخارجية الإيراني عباس عراقتشي، يصل مسقط استعدادا للمفاوضات مع أميركا غدا الجمعة 

يتشكل الوفد الإيراني من: عراقتشي وعضوية نوابه للشؤون السياسية مجيد تحت روانتشي، وللشؤون الدولية والقانونية كاظم غريب أبادي، ولشؤون الدبلوماسية الاقتصادية حميد قنبري، فضلا عن إسماعيل بقائي",0,0,0,https://x.com/afarouk92/status/2019517115980820694
2019450972259438777,afarouk92,2026-02-05 16:40:06.028000+00:00,تعيين علي شمخاني أمينًا لمجلس الدفاع التابع للمجلس الأعلى للأمن القومي الإيراني,0,0,0,https://x.com/afarouk92/status/2019450972259438777
2019399236950061179,afarouk92,2026-02-05 13:14:31.369000+00:00,"هيكل المنظومة العسكرية الإيرانية

على الجزيرة نت
 
aja.ws/0c4pak via 
@AJArabicnet",0,0,0,https://x.com/ghazal_aryahi/status/2019399236950061179
2019411876086706228,afarouk92,2026-02-05 14:04:44.774000+00:00,"حساب صابرين نيوز المقرب من جهات أمنية إيرانية يدعوا إلى مفاوضات مباشرة بين إيران وأميركا في مسقط تحت دعوة ""لا تُضيّعوا وقت الناس بمفاوضات غير مباشرة""

وقال ""ألم يتفاوض النبي مع قريش، وهم الكفار وألد أعداء دين الله، ويكتب عقدًا صريحًا؟ ماذا حدث؟""",0,0,0,https://x.com/afarouk92/status/2019411876086706228
2019354269170954567,afarouk92,2026-02-05 10:15:50.215000+00:00,"الرئيس التركي رجب طيب أردوغان:

-المحادثات بين أميركا وإيران على مستوى القادة ستكون مفيدة بعد المفاوضات على مستوى أدنى 

-أميركا وإيران ترغبان في إفساح المجال أمام الدبلوماسية وهو أمر إيجابي 

-نبذل قصارى جهدنا لتهدئة التوتر بين إيران وأمريكا دون جر المنطقة إلى نزاع وفوضى جديدين",0,0,0,https://x.com/afarouk92/status/2019354269170954567
2019354272266358974,afarouk92,2026-02-05 10:15:50.953000+00:00,-نعارض التدخل العسكري ضد إيران وطاولة المفاوضات مهمة في خفض التوتر بين إيران وأمريكا,0,0,0,https://x.com/afarouk92/status/2019354272266358974
2019288505797734465,afarouk92,2026-02-05 05:54:31.005000+00:00,"نائب الرئيس الأميركي حول طموحات إيران النووية: 

لا يمكن لإيران الحصول على سلاح نووي. هذا هو هدف السياسة المعلن للرئيس

نحن نعرف التاريخ. ليس لدى الرئيس أي اهتمام بتكرار تاريخ العراق، لكنك لا تسمح للمجانين بالحصول على أسلحة نووية.",0,0,0,https://x.com/afarouk92/status/2019288505797734465
2019160990135513131,afarouk92,2026-02-04 21:27:48.902000+00:00,محادثات هاتفية أجراها وزير خارجية إيران عباس عراقتشي، مع نظرائه من مصر وعمان وقطر حول آخر التطورات الاقليمية والدولية,0,0,0,https://x.com/afarouk92/status/2019160990135513131
2019161554382647544,afarouk92,2026-02-04 21:30:03.429000+00:00,"دبلوماسي عربي مقيم في طهران لموقع ""إيران نوانسز"":

لم يكن من الحكمة أن يلجأ الأمريكيون إلى ""حملة إلقاء اللوم الاستباقية""؛ فقد عزز ذلك الشكوك العميقة الموجودة بالفعل في المنطقة بأنهم عرضة للتلاعب بسهولة من قبل جماعات الضغط المؤيدة لإسرائيل والعناصر المتشددة داخل أميركا",0,0,0,https://x.com/afarouk92/status/2019161554382647544
2019149696485454037,afarouk92,2026-02-04 20:42:56.286000+00:00,"مصدر دبلوماسي عربي لـ 
@AljadahMedia
 

جرت محاولات ضغط عبر الإعلام لافشال المفاوضات لكن واقعيا لم يبلغ المستضيف بأي تدابير لوقف الترتيبات لعقد اجتماع الجمعة بين إيران وأميركا

دور إسرائيلي جلي في التحريض على وقف المفاوضات لاسيما التسريبات الصحفية غير المسؤولةالمزعجة لدول المنطقة",0,0,0,https://x.com/afarouk92/status/2019149696485454037
2019149701279543419,afarouk92,2026-02-04 20:42:57.429000+00:00,المفاوضات تعكس رغبة إيرانية جدية بالتوصل إلى حلول منطقية للقضية النووية دون التنازل عن حقوق الشعب الإيراني في التكنلوجيا النووية السلمية,0,0,0,https://x.com/afarouk92/status/2019149701279543419
2019150318534340898,afarouk92,2026-02-04 20:45:24.594000+00:00,"مصدر دبلوماسي إيراني لـ ""
@AljadahMedia
 "":

لن تشمل المحادثات في هذه المرحلة أي مشاركة إقليمية.

القرار مقصود وليس إقصائي، بل ترحب إيران بمشاركة جيرانها في المنطقة.

توسيع الإطار الآن سيكون ذا نتائج عكسية، وقد يحوّل المسار إلى استعراض سياسي بدل مفاوضات مركّزة",0,0,0,https://x.com/afarouk92/status/2019150318534340898
2019122762493870105,afarouk92,2026-02-04 18:55:54.722000+00:00,"مصدر مطلع لوكالة ""تسنيم"":

الحديث لا يدور حول تغيير مكان المفاوضات، أن الولايات المتحدة تغيّر مواقفها وتصريحاتها في كلّ مرة.

الدبلوماسية والتفاوض يتطلّبان ثبات الموقف والجدّية، لا التقلّب المستمر في المواقف تحت تأثير التيارات الداعية إلى الحرب والمرتبطة بإسرائيل.",0,0,0,https://x.com/afarouk92/status/2019122762493870105
2019071885217034694,afarouk92,2026-02-04 15:33:44.634000+00:00,"الخارجية الإيرانية:

ناقش وزيرا خارجية إيران والسعودية آخر التطورات الإقليمية.

أكد وزير الخارجية السعودي على نهج الرياض في دعم الاستقرار الإقليمي، مشددا على دعم بلاده لأي حلول سياسية ودبلوماسية لتجاوز التحديات القائمة.",0,0,0,https://x.com/afarouk92/status/2019071885217034694
2019071888647966990,afarouk92,2026-02-04 15:33:45.452000+00:00,كما أكد وزيرا خارجية إيران والسعودية على ضرورة مواصلة المشاورات الوثيقة للحفاظ على الاستقرار الإقليمي وحماية مصالح جميع دول المنطقة.,0,0,0,https://x.com/afarouk92/status/2019071888647966990
2019059382600843622,afarouk92,2026-02-04 14:44:03.778000+00:00,نائب وزير الخارجية الإيراني للشؤون الدولية والقانونية كاظم غريب أبادي، يتوجه إلى الصين، مبعوثا من الرئيس الإيراني وحاملا رسالة منه إلى نظيره الصيني تشي جين بينغ.,0,0,0,https://x.com/afarouk92/status/2019059382600843622
2019055020558242094,afarouk92,2026-02-04 14:26:43.786000+00:00,"مصدر دبلوماسي إقليمي لـ المونيتور:

المحادثات إيرانية أميركية تبدأ ببيان لخفض التصعيد وأنهما ملتزمان بمواصلة العمل الدبلوماسي باعتباره المسار الأمثل للمضي قدما.

لا اتفاق على القضايا الخلافية في المرحلة الأولى",0,0,0,https://x.com/afarouk92/status/2019055020558242094
2019051128512532885,afarouk92,2026-02-04 14:11:15.850000+00:00,"أهم نقاط 
@Alihashem
 في مقالته على الجزيرة الإنجليزية:

-تأكيد عمان مكان للجولة التالية من المحادثات الإيرانية الأمريكية، المقرر عقدها الجمعة

- تخشى إيران من أن توسيع المشاركة يمكن أن يحول المفاوضات إلى استعراض سياسي بدلا من عملية مركزة.",0,0,0,https://x.com/afarouk92/status/2019051128512532885
2019051132358664414,afarouk92,2026-02-04 14:11:16.767000+00:00,"- تريد طهران أن يستقر شكل المحادثات مع أميركا أولا قبل توسيع المشاركة

- تقول مصادر متعددة إن الاستعدادات جارية لخارطة طريق نحو اتفاق شامل، وليس صفقة مؤقتة.

- لم يختف خطر الحرب، ولكنه انحسر في الوقت الحالي.",0,0,0,https://x.com/afarouk92/status/2019051132358664414
2019051136582385856,afarouk92,2026-02-04 14:11:17.774000+00:00,- تشمل القضايا الرئيسية التي لم يتم حلها برنامج الصواريخ الباليستية الإيراني ووضع الردع الإقليمي.,0,0,0,https://x.com/afarouk92/status/2019051136582385856
2019050409868808584,afarouk92,2026-02-04 14:08:24.512000+00:00,"وکالة تسنيم الإيرانية:

المفاوضات غير المباشرة بين إيران وأميركا ستُعقد يوم الجمعة في مسقط.

ستنحصر محاور المفاوضات في الملف النووي ورفع العقوبات على إيران.

 من المقرر أن يشارك في هذه المفاوضات كلٌّ من وزير الخارجية الإيراني عباس عراقتشي، والمندوب الخاص الأميركي ويتكوف.",0,0,0,https://x.com/afarouk92/status/2019050409868808584
2019015096186310996,afarouk92,2026-02-04 11:48:05.074000+00:00,"“Iran’s reluctance to involve regional countries in talks for now stems not from a desire to be exclusionary, but a worry that more players in the room could “risk turning the process into a political display instead of a focused negotiation”, the official said.”
My piece for",0,0,0,https://x.com/Alihashem/status/2019015096186310996
2018956230589296940,afarouk92,2026-02-04 07:54:10.422000+00:00,"يبدو أن #إيران قررت أن تعود إلى الوساطة العمانية معتذرة إلى الوسيط التركي. 
وهناك أسباب من بينها أن تركيا تسعى لدور أكبر من مجرد المستضيف، وتؤيد ادخال جزئيات أخرى غير الملف النووي اضافة إلى الحديث عن أطراف أخرى.
الأسلوب التفاوضي الإيراني ما زال مصرا على تفكيك الملفات. سيفاوض بسأن",0,0,0,https://x.com/AlsmadiFatima/status/2018956230589296940
2018772605885394986,afarouk92,2026-02-03 19:44:30.881000+00:00,"مصدر مطلع لوكالة تسنيم الإيرانية:

المسيّرة «شاهد 129» كانت تنفذ مهمتها القانونية والمعتادة في المياه الدولية للاستطلاع والرصد والتصوير، وهذا إجراء طبيعي وقانوني

المسيّرة ارسلت صورها وبياناتها إلى المركز، لكنها انقطع معها الاتصال",0,0,0,https://x.com/afarouk92/status/2018772605885394986
2018771960642113601,afarouk92,2026-02-03 19:41:57.043000+00:00,"المتحدث باسم الخارجية الإيرانية إسماعيل بقائي:

التخطيط لإجراء مفاوضات بين إيران وأميركا خلال الأيام المقبلة تم وفق توجيهات الرئيس، و المشاورات جارية لتحديد مكان انعقادها وسيُعلن عنه فور حسمه.

مكان وزمان المحادثات ليسا مسألة معقدة ولا ينبغي استغلالهما إعلاميًا.",0,0,0,https://x.com/afarouk92/status/2018771960642113601
2018771979998724100,afarouk92,2026-02-03 19:42:01.658000+00:00,"نعرب عن تقديرنا للدول الصديقة التي تحركت بحسن نية لتوفير أرضية لمسار دبلوماسي، وبالطبع هذا التعاون محل تقدير طهران.

تركيا وعُمان ودولًا إقليمية أخرى أعلنت استعدادها لاستضافة الحوار.",0,0,0,https://x.com/afarouk92/status/2018771979998724100
2018733631217561945,afarouk92,2026-02-03 17:09:38.596000+00:00,"مصدران لموقع أكسيوس:

إيران طالبت بتغيير مكان وشكل المفاوضات مع الولايات المتحدة المقررة يوم الجمعة لتكون في عُمان و بشكل ثنائي، بحضور الولايات المتحدة فقط، بدلًا من حضور عدة دول عربية وإسلامية بصفة مراقبين.",0,0,0,https://x.com/afarouk92/status/2018733631217561945
2018733298969649573,afarouk92,2026-02-03 17:08:19.382000+00:00,أجرى وزيرا خارجية إيران والكويت محادثة هاتفية لمناقشة التطورات الإقليمية والعلاقات الثنائية.,0,0,0,https://x.com/afarouk92/status/2018733298969649573
2018733169470550337,afarouk92,2026-02-03 17:07:48.507000+00:00,وزير خارجية إيران عباس عراقتشي، يبحث هاتفيا مع نظيره العماني بدر البوسعيدي، العلاقات الثنائية والتطورات الإقليمية,0,0,0,https://x.com/afarouk92/status/2018733169470550337
2018733171131679141,afarouk92,2026-02-03 17:07:48.903000+00:00,"خارجية إيران:
وزير خارجية إيران يشيد في اتصال هاتفي مع نظيره العماني بجهود عُمان في سبيل الحفاظ على السلام والأمن في المنطقة، ويؤكد  أهمية التعاون والتنسيق الوثيق بين الدول الصديقة لضمان المصالح المشتركة والجماعية لشعوب المنطقة.",0,0,0,https://x.com/afarouk92/status/2018733171131679141
2018681690697117712,afarouk92,2026-02-03 13:43:15.011000+00:00,"حضور عربي وإقليمي في المفاوضات الأمريكية الإيرانية المرتقبة في تركيا

مادتي على الجزيرة نت
 
aja.ws/idfoav via 
@AJArabicnet",0,0,0,https://x.com/ghazal_aryahi/status/2018681690697117712
2018613347554361507,afarouk92,2026-02-03 09:11:40.736000+00:00,"إيران على حافة الحرب على أبواب الدبلوماسية | حازم كلاس | مقال | التلفزيون العربي

ليس الإيرانيون وحدهم من يحبسون أنفاسهم هذه الأيام، بل شعوب المنطقة بأسرها تقريبًا، الجميع ينتظر قرارًا لا يعرف متى ومن أين سيصدر.
 المقال كاملاً ",0,0,0,https://x.com/Hazem_Kallass/status/2018613347554361507
2018022214017417678,afarouk92,2026-02-01 18:02:43.518000+00:00,"مسؤول أمريكي لـ أكسيوس:

إدارة ترمب أبلغت إيران عبر قنوات متعددة استعدادها لعقد لقاء للتفاوض على اتفاق

ترمب لا يزال منفتحا على حل دبلوماسي مع إيران

تصريحات ترمب الأخيرة بشأن إيران ليست مناورة",0,0,0,https://x.com/afarouk92/status/2018022214017417678
2017876101255544868,afarouk92,2026-02-01 08:22:07.521000+00:00,"القائد الأعلى في إيران علي خامنئي، خلال لقاء جماهيري:

على الأميركيين أن يعوا أنهم إذا أطلقوا حربا، فستكون هذه المرة حربا اقليمية",0,0,0,https://x.com/afarouk92/status/2017876101255544868
2017688274228367673,afarouk92,2026-01-31 19:55:46.068000+00:00,"التلفزیون الإيراني: 

وزير الخارجية القطري محمد بن عبد الرحمن آل ثاني، نقل رسال إلى طهران، وغادر العاصمة بعد ذلك مباشرة.",0,0,0,https://x.com/afarouk92/status/2017688274228367673
2017704549180727320,afarouk92,2026-01-31 21:00:26.319000+00:00,"الخارجية القطرية:

رئيس الوزراء وزير الخارجية بحث في طهران مع علي لاريجاني جهود خفض التصعيد في المنطقة

رئيس الوزراء وزير الخارجية أكد للاريجاني دعم قطر للحلول السلمية تعزيزا لأمن واستقرار المنطقة",0,0,0,https://x.com/afarouk92/status/2017704549180727320
2017686307619942441,afarouk92,2026-01-31 19:47:57.192000+00:00,"بين موسكو وإسطنبول والدوحة وواشنطن وطهران سباق مع الوقت لابعاد شبح الحرب. زيارة علي لاريجاني إلى موسكو وعباس عراقجي إلى إسطنبول ساهمت في بلورة مجموعة أفكار، لتكتمل الصورة بزيارة رئيس الوزراء القطري محمد بن عبد الرحمن آل ثاني الذي يبدو أنه حمل الرسالة الأخيرة المهمة. 
اعقبها",0,0,0,https://x.com/Alihashem/status/2017686307619942441
2017663773973057963,afarouk92,2026-01-31 18:18:24.752000+00:00,"ترامب لشبكة فوكس نيوز: ""الإيرانيون يتحدثون إلينا - دعونا نرى ما إذا كان بإمكاننا تحقيق شيء ما"".",0,0,0,https://x.com/afarouk92/status/2017663773973057963
2017659291461705905,afarouk92,2026-01-31 18:00:36.038000+00:00,"أمين المجلس الأعلى للأمن القومي الإيراني علي لاريجاني:
خلافا لأجواء الحرب الإعلامية المصطنعة، يتقدم العمل على تشكيل إطار للمفاوضات.",0,0,0,https://x.com/afarouk92/status/2017659291461705905
2017559116546252936,afarouk92,2026-01-31 11:22:32.477000+00:00,"من البازار بدأت الاحتجاجات الأخيرة في إيران وتطورت الأمور بشكل دراماتيكي وصولا إلى التوتر المتصاعد بين طهران وواشنطن 
فما قصة  البازار في طهران وما دوره في السياسة؟
@Hazem_Kallass",0,0,0,https://x.com/AlarabyTV/status/2017559116546252936
2017619454381699212,afarouk92,2026-01-31 15:22:18.138000+00:00,"مواقع إيرانية:

وزير الخارجية القطري محمد بن عبد الرحمن، يصل طهران",0,0,0,https://x.com/afarouk92/status/2017619454381699212
2017528940777377877,afarouk92,2026-01-31 09:22:38.013000+00:00,"عناصر صفقة ترامب وسيناريوهات قبولها أو رفضها

تقرير مشترك مع الزميل المراسل في واشنطن
 
aja.ws/spnkm0 via 
@AJArabicnet",0,0,0,https://x.com/ghazal_aryahi/status/2017528940777377877
2017354606464893289,afarouk92,2026-01-30 21:49:53.474000+00:00,"Decisive hours in Tehran. Trump leaked a potential timing for a strike, Iranian envoys back from Istanbul and Moscow with offers for deescalation, not clear whether the offers are enough to diffuse the crisis. Even if the 400 kg of enriched uranium are handed over to a trusted",0,0,0,https://x.com/Alihashem/status/2017354606464893289
2017303225750143179,afarouk92,2026-01-30 18:25:43.357000+00:00,"مخاوف خليجية من تداعيات أي مواجهة محتملة بين واشنطن وطهران.. فهل هناك خطة احتواء واضحة؟
حلقة #من_واشنطن على شاشة #الجزيرة ومنصاتها الرقمية
#شاهد | 
aja.me/vzngog",0,0,0,https://x.com/AJMinWash/status/2017303225750143179
2017296838169108579,afarouk92,2026-01-30 18:00:20.439000+00:00,"سفير إيران لدى روسيا كاظم جلالي:

أمين المجلس الأعلى للأمن القومي الإيراني علي لاريجاني، تباحث عصر الجمعة مع رئيس روسيا فلاديمير بوتين،في الكرملين.

ركزت المحادثات على توسيع العلاقات الثنائية، ولاسيما العلاقات الاقتصادية بين البلدين، كما تشاورا حول قضايا إقليمية ودولية هامة",0,0,0,https://x.com/afarouk92/status/2017296838169108579
2016980364414116306,afarouk92,2026-01-29 21:02:47.216000+00:00,"وبينما يحاول أردوغان إقناع الإيرانيين بالتحدث إلى ترامب عبر الهاتف، يتم تسريب بعض الأفكار الإبداعية إلى وسائل الإعلام التركية حول كيفية المضي قدما.

يبدو أن أنقرة تريد من إيران تقديم صفقة نفطية لترامب، مما يسمح للشركات الأمريكية بالعمل في إيران.",0,0,0,https://x.com/afarouk92/status/2016980364414116306
2016916296563126323,afarouk92,2026-01-29 16:48:12.250000+00:00,"ميدل إيست آي:

أردوغان اقترح عقد فيديو كونفرنس بين دونالد ترامب ومسعود بزشكيان لخفض التوترات",0,0,0,https://x.com/afarouk92/status/2016916296563126323
2016915918425588069,afarouk92,2026-01-29 16:46:42.095000+00:00,"تحدث الرئيس الإيراني مع أمير قطر ورئيس وزراء باكستان قائلا ""إذا سعت الولايات المتحدة إلى دبلوماسية حقيقية فعليها إنهاء أعمالها الاستفزازية"". وأضاف أنه ""بينما تختار إيران طريق الحوار الكريم، فإنها لن تتردد في الدفاع عن نفسها"".",0,0,0,https://x.com/afarouk92/status/2016915918425588069
2016893112652571006,afarouk92,2026-01-29 15:16:04.775000+00:00,مباحثات هاتفية لوزير الخارجية الإيراني مع وزراء خارجية قطر ومصر وعمان وتركيا والإمارات وباكستان منذ مساء أمس لمناقشة الوضع الإقليمي. من المقرر أيضا أن يزور تركيا غدا الجمعة.,0,0,0,https://x.com/afarouk92/status/2016893112652571006
2016573773026123937,afarouk92,2026-01-28 18:07:08.275000+00:00,"وزبر الخارجية الإيراني عباس عراقتشي، ردا على ترامب:

قواتنا المسلحة الشجاعة جاهزة وأصابعها على الزناد للرد فوراً وبقوة على أي عدوان ضد البلاد

الدروس القيمة المستفادة من حرب الـ12 يوما مكنتنا من الرد بقوة وسرعة وعمق أكبر",0,0,0,https://x.com/afarouk92/status/2016573773026123937
2016573784296157694,afarouk92,2026-01-28 18:07:10.962000+00:00,"طهران رحبت مرارا باتفاق نووي عادل يضمن حقوقها ويكفل عدم امتلاكها أسلحة نووية

لا مكان للأسلحة النووية في حساباتنا الأمنية ولم نسع قط إلى امتلاكها

إيران لا تزال ترحب باتفاق نووي عادل يضمن حقوق إيران في التقنية النووية السلمية ويضمن عدم امتلاك أسلحة نووية",0,0,0,https://x.com/afarouk92/status/2016573784296157694
2016573692096991598,afarouk92,2026-01-28 18:06:48.980000+00:00,"المستشار السياسي للقائد الأعلى عضو مجلس الدفاع في إيران علي شمخاني:

 الحديث عن ضربة محدودة على إيران وهم

أي عمل عسكري أميركي من أي منطلق وبأي مستوى يُعدّ بدءاً للحرب وسيكون الرد عليه فورياً

ردنا على العدوان سيكون فورياً وغير مسبوق يستهدف المعتدي وجميع مؤيديه وقلب تل أبيب",0,0,0,https://x.com/afarouk92/status/2016573692096991598
2016225450847047998,afarouk92,2026-01-27 19:03:01.796000+00:00,"تنش فزاینده میان ایران و آمریکا
شروط دولت ترامپ چیست و چقدر ممکن است رهبر جمهوری اسلامی برای جلوگیری از جنگ به آنها تن دهد؟

علی واعظ، مدیر پروژه ایران در گروه بین‌المللی بحران",0,0,0,https://x.com/bbcpersian/status/2016225450847047998
2016228204114071829,afarouk92,2026-01-27 19:13:58.226000+00:00,مباحثات هاتفية لوزير الخارجية الإيراني ورئيس وزراء قطر وزير الخارجية حول الوضع في المنطقة بما في ذلك الجهود الدبلوماسية لوقف التصعيد والاستقرار في المنطقة.,0,0,0,https://x.com/afarouk92/status/2016228204114071829
2016151943484260585,afarouk92,2026-01-27 14:10:56.275000+00:00,مع تصاعد التوتر بين #طهران و #واشنطن بعد الاحتجاجات الأخيرة في #إيران، وتزامنا مع التحشيد العسكري الأميركي في المنطقة وتحذير القادة العسكريين الإيرانيين بالرد على أي هجوم أو ضربات أميركية.. يبرز اسم العسكر في إيران، فما هو دورهم، وكيف هي علاقتهم بالسلطة، وما الفرق بين الجيش و,0,0,0,https://x.com/AlarabyTV/status/2016151943484260585
2016079805893243368,afarouk92,2026-01-27 09:24:17.333000+00:00,"واشنطن وطهران بين التحشيد والتهديد.. هل ستندلع الحرب؟ 

تقرير مشترك من طهران وواشنطن.. على الجزيرة نت
aja.ws/jez4f2 via 
@AJArabicnet",0,0,0,https://x.com/ghazal_aryahi/status/2016079805893243368
2016176614413893847,afarouk92,2026-01-27 15:48:58.283000+00:00," رئيس إيران مسعود بزشكيان، خلال اتصال هاتفي مع ولي عهد #السعودية:

أشار إلى تصعيد أميركا والكيان الصهيوني للعداء ضد الشعب الإيراني منذ بداية ولايته، بما في ذلك ممارسة الضغوط الاقتصادية، وفرض الحرب، والتدخل المباشر في تحريض ودعم مثيري الشغب والمحرضين في الأحداث الأخيرة",0,0,0,https://x.com/afarouk92/status/2016176614413893847
2016176633548353739,afarouk92,2026-01-27 15:49:02.845000+00:00,إيران كانت ولا تزال مستعدة للترحيب، في إطار القانون الدولي ومع الحفاظ الكامل على حقوق الأمة والبلاد واحترامها، بأي عملية تؤدي إلى السلام والهدوء ومنع الصراع والحرب، لأن رغبتنا هي تحقيق الحقوق والعدالة حتى يتمكن جميع الناس في العالم من العيش معًا في سلام وهدوء.,0,0,0,https://x.com/afarouk92/status/2016176633548353739
2016176640326311957,afarouk92,2026-01-27 15:49:04.461000+00:00,"الرئاسة الإيرانية نقلا عن ولي عهد السعودية الأمير محمد بن سلمان:
السعودية تعتبر أي تهديد أو توتر ضد إيران غير مقبول

نحن على استعداد للتعاون مع إيران ودول المنطقة لإرساء سلام وأمن دائمين",0,0,0,https://x.com/afarouk92/status/2016176640326311957
2015890518446670078,afarouk92,2026-01-26 20:52:07.689000+00:00,"أصدر عدد من""الديمقراطيين والقوميين""الإيرانيين بيان تحدثوا فيه عن ميثاق يجمع القوى الديمقراطية ودعاة الجمهورية في إيران ضمن الجهود الحثيثة لصياغة بدائل للنظام الحالي.ويؤكد على الوحدة الكاملة للجمهوريين وتشكيل مجلس استراتيجي،ينص على وحدة الجمهوريين هي الطريق الوحيد لإنقاذ إيران",0,0,0,https://x.com/afarouk92/status/2015890518446670078
2015890530236793299,afarouk92,2026-01-26 20:52:10.500000+00:00,"ويعتبر البيان في الختام ""التشكيل الفوري للمجلس الاستراتيجي للجمهوريين الإيرانيين أولوية خاصة"".

ومن بين مؤيدي البيان حسن شريعتمداري، ونرجس محمدي، ومحمد نوري زاد، والمؤتمر المشترك للجمهوريين الديمقراطيين والديمقراطيين الفيدراليين.",0,0,0,https://x.com/afarouk92/status/2015890530236793299
2015890533877436454,afarouk92,2026-01-26 20:52:11.368000+00:00,وفي الوقت ذاته، وفي رسالة تعترف بالأمير رضا بهلوي كممثل شرعي للشعب  الإيراني وزعيم المعارضة الديمقراطية المتحدة لإيران، دعت 260 شخصية أكاديمية وثقافية وسياسية إلى إنهاء تفاعل العالم مع الجمهورية الإسلامية، وتصنيف الحرس الثوري منظمة إرهابية، واتخاذ تدابير دبلوماسية حاسمة ضد النظام,0,0,0,https://x.com/afarouk92/status/2015890533877436454
2015873217596891585,afarouk92,2026-01-26 19:43:22.845000+00:00,"إيران.. إجراءات أمنية مشددة وتضخم قياسي وانقطاع مستمر للإنترنت

على الجزيرة نت
 
aja.ws/wv9x4s via 
@AJArabicnet",0,0,0,https://x.com/ghazal_aryahi/status/2015873217596891585
2015602314292150511,afarouk92,2026-01-26 01:46:54.464000+00:00,"An update on U.S. THAAD deployment in Israel

Since late 2024, the United States has deployed a THAAD anti-ballistic missile system battery in Israel’s Negev Desert, consisting of six launchers and AN/TPY-2 X-band radar. However, several changes have been made recently. (1/)",0,0,0,https://x.com/EGYOSINT/status/2015602314292150511
2013137416039604402,afarouk92,2026-01-19 06:32:16.925000+00:00,"بين الغموض الأميركي والصمود الإيراني.. هل تتدحرج كرة النار؟
-------------------------
في مثل هذا المناخ، لا تبدو ""سياسة إدارة الأزمات"" قادرة على الاستمرار إلى ما لا نهاية. فاللحظة التاريخية هذه المرة أكثر تعقيدًا:
داخل ملتهب لا يهدأ فعليًا، وخارج متأهب يرفع السقوف. وبينهما منطقة",0,0,0,https://x.com/Hazem_Kallass/status/2013137416039604402
2012987424096276982,afarouk92,2026-01-18 20:36:16.059000+00:00,حديث عن اختراق جميع القنوات التابعة لهيئة الإذاعة والتلفزيون في إيران(IRIB) في تمام الساعة 9:30 م بتوقيت طهران. وبثت لقطات من المظاهرات الأخيرة في إيران ورسائل من رضا بهلوي في جميع أنحاء البلاد لمدة 10 دقائق.,0,0,0,https://x.com/afarouk92/status/2012987424096276982
2012919926281929180,afarouk92,2026-01-18 16:08:03.326000+00:00,"تظاهرة أمام القنصلية الإيرانية في اسطنبول دعماً لإيران في وجه التهديدات الإسرائيلية الأميركية

الدعوة للتظاهرة الداعمة لإيران في اسطنبول دعت إليها ""جمعية التضامن الدولية"" في تركيا",0,0,0,https://x.com/afarouk92/status/2012919926281929180
2012919402304348585,afarouk92,2026-01-18 16:05:58.400000+00:00,"رئيس إيران مسعود بزشكيان، ردا على ترامب:

إذا كان هناك معاناة وشقاء في حياة شعب إيران، فإن أحد أهم أسبابها هو العداء القديم والعقوبات غير الإنسانية لحكومة الولايات المتحدة وحلفاؤها.

أي هجوم على القائد الأعلى لبلادنا هو بمثابة حرب شاملة على الشعب الإيراني.",0,0,0,https://x.com/afarouk92/status/2012919402304348585
2012912519606653142,afarouk92,2026-01-18 15:38:37.437000+00:00,"أفادت ""نت ‌بلوكس""، يوم الأحد، بأن بيانات حرکة مرور الشبكة تشير إلى عودة جزئية لبعض الخدمات عبر الإنترنت، ومن بينها ""جوجل""، وذلك بعد مرور ""238 ساعة من الانقطاع الواسع في شبكة الإنترنت في إيران"".",0,0,0,https://x.com/afarouk92/status/2012912519606653142
2012806124378968437,afarouk92,2026-01-18 08:35:50.838000+00:00,"هكذا تُدار إيران سياسيا في زمن ""لا صلح ولا حرب""

تقريري على الجزيرة نت
 
aja.ws/qiv9xd via 
@AJArabicnet",0,0,0,https://x.com/ghazal_aryahi/status/2012806124378968437
2012495035359539352,afarouk92,2026-01-17 11:59:41.436000+00:00,إيران تعيد الاتصال بشبكة الإنترنت الدولية بعد ١٠ أيام من الانقطاع,0,0,0,https://x.com/afarouk92/status/2012495035359539352
2012355141492425182,afarouk92,2026-01-17 02:43:48.139000+00:00," Update: Metrics show a very slight rise in internet connectivity in #Iran this morning after the 200 hour mark. However, overall connectivity remains at ~2% of ordinary levels and there is no indication of a significant return.",0,0,0,https://x.com/netblocks/status/2012355141492425182
2012124792485523531,afarouk92,2026-01-16 11:28:28.656000+00:00,"بيان من الرئيس الإيراني محمد خاتمي، بشأن الأحداث الأخيرة:
 أدى انزلاق الأحداث إلى عنف مباشر إلى تغيير سريع في مشهد الإقرار الرسمي بحق الشعب في الاحتجاج
التصريحات الواضحة للمسؤولين الإسرائيليين ودعم أميركا العلني لا تدع مجالا للشك في وجود مؤامرة كبيرة ومخططة ضد وحدة إيران",0,0,0,https://x.com/afarouk92/status/2012124792485523531
2012124794368729569,afarouk92,2026-01-16 11:28:29.105000+00:00,"من الظلم تجاهل سلوك الحكومة السلمي في أيام الاحتجاجات الشعبية الأولى
بالإضافة إلى العقوبات والضغوط الخارجية،ساهمت العديد من السياسات الحالية والمشاكل الهيكلية في تفاقم الاحتجاجات
لا ينبغي السماح بالاستقطاب في المجتمع بما يتيح للأعداء استغلال ذلك ودفع إيران نحو مواجهات مدمرة",0,0,0,https://x.com/afarouk92/status/2012124794368729569
2012124798214877637,afarouk92,2026-01-16 11:28:30.022000+00:00,"العودة إلى الجمهورية المنسية، وإلى إسلامية تقبل الجمهورية، هي أقل الطرق تكلفةً وأكثرها فائدةً للخروج من الوضع الراهن

إيران تقف اليوم في قلب أزمة خطيرة ومتشابكة الأبعاد تشمل الجوانب الاقتصادية والاجتماعية والسياسية والثقافية والدولية والأمنية",0,0,0,https://x.com/afarouk92/status/2012124798214877637
2012068386432565653,afarouk92,2026-01-16 07:44:20.405000+00:00,"جون ميرشايمر:

«أعتقد أن ما قد يردع [ترامب] هو حقيقة أن الإيرانيين قد يُقدمون على إغلاق مضيق هرمز.»

«ثانيًا، إن الإسرائيليين والأمريكيين لا يمتلكون القدرة على منع الصواريخ الباليستية الإيرانية من قصف إسرائيل.»",0,0,0,https://x.com/afarouk92/status/2012068386432565653
2012068389045289421,afarouk92,2026-01-16 07:44:21.028000+00:00,«وثالثًا، وهذا بالغ الأهمية، ما الغاية من القيام بذلك؟ ماذا سنحقق؟ إذا استخدمنا القوة العسكرية، فما هي النهاية السعيدة التي ننتظرها؟ والجواب هو: لا توجد نهاية سعيدة لنا.»,0,0,0,https://x.com/afarouk92/status/2012068389045289421
2011331708055166993,afarouk92,2026-01-14 06:57:02.593000+00:00,"الرئيس الصربي ألكسندر فوتشيتش:يتدخل جهاز المخابرات الإسرائيلي (الموساد) ووكالة المخابرات المركزية الأمريكية (CIA) في الاحتجاجات الإيرانية، ويسعيان لتكرار سيناريو العملية الغربية في إيران عام ١٩٥٣ ... ادعو قراءة كتابي ""عملية اجاكس"" و""رجال الشاه"". جرت هذه العملية عام ١٩٥٣، عندما",0,0,0,https://x.com/Hazem_Kallass/status/2011331708055166993
2010741408169406752,afarouk92,2026-01-12 15:51:24.133000+00:00,"موقع أكسيوس:

وزير الخارجية الإيراني عباس عراقتشي، تواصل مع المبعوث الأميركي ويتكوف خلال نهاية الأسبوع",0,0,0,https://x.com/afarouk92/status/2010741408169406752
2010741412237881812,afarouk92,2026-01-12 15:51:25.103000+00:00,"المتحدث باسم الخارجية الإيرانية إسماعيل بقائي، صرح اليوم: 

قناة الاتصال بين عراقتشي والمبعوث الخاص لرئيس أميركا مفتوحة ويتم تبادل الرسائل اللازمة من خلالها عند الضرورة.

لطالما التزمنا بمبدأ الدبلوماسية والتفاوض، وهو تفاوض ثنائي الاتجاه.",0,0,0,https://x.com/afarouk92/status/2010741412237881812
2010040194817503309,afarouk92,2026-01-10 17:25:01.842000+00:00,"الرئيس الإيراني مسعود بزشكيان، خلال لقائه وزير الخارجية العماني بدر البوسعيدي:
كل جهود أميركا والكيان الصهيوني تهدف إلى استمرار الحرب

أميركا تمارس التحريض لإثارة الفوضى والاضطرابات

الشعب الإيراني أكثر تماسكا من أي وقت مضى وسيبقى داعماً لوطنه ونظامه",0,0,0,https://x.com/afarouk92/status/2010040194817503309
2010040198126809199,afarouk92,2026-01-10 17:25:02.631000+00:00,"كل جهود أميركا والكيان الصهيوني تهدف إلى انعدام الأمن في المنطقة ومنع توحّد الدول الإسلامية

العالم شهد كيف هاجمت أميركا الدبلوماسية وارتكبت جرائم ضد الإنسانية بينما تصرفت إيران بجدية على طاولة المفاوضات",0,0,0,https://x.com/afarouk92/status/2010040198126809199
2010040202681823424,afarouk92,2026-01-10 17:25:03.717000+00:00,"الرئاسة الإيرانية نقلا عن البوسعيدي:

  إيران  شريك استراتيجي لعُمان ومحور أساسي في إرساء السلام والاستقرار والأمن في المنطقة.

 عُمان ملتزمة بوعدها وصداقتها مع #إيران.",0,0,0,https://x.com/afarouk92/status/2010040202681823424
2010013636664938642,afarouk92,2026-01-10 15:39:29.885000+00:00,"التلفزيون الإيراني:

بيان مشترك من عائلات ""شهداء"" حرب الـ 12 يوم طالب السلطات الإيرانية بتلبية المطالب الاقتصادية للشعب، وفي الوقت نفسه، التعامل بحزم ودون تساهل مع أعمال التخريب الإرهابية التي يرتكبها مثيرو الشغب.",0,0,0,https://x.com/afarouk92/status/2010013636664938642
2010013643350606154,afarouk92,2026-01-10 15:39:31.479000+00:00,"ما يسمى جبهة ""مجلس تنسيق أحزاب أذربيجان"" تطلب من أهالي المدن الأذربيجانية (في إيران) بالتظاهر اليوم السبت في الميادين والشوارع الرئيسية في هذه المدن

دعمت الجبهة اضراب البازار في تبريز وزنجان والمدن الأخرى، مؤكدا على الاحتجاج السلمي على الوضع الاقتصادي الراهن وسياسات ج ا",0,0,0,https://x.com/afarouk92/status/2010013643350606154
2010013647842734419,afarouk92,2026-01-10 15:39:32.550000+00:00,"وسائل إعلام إيرانية رسمية: 

أدان 12400 أستاذ جامعي ""الجرائم الوحشية"" التي ارتكبتها ""الجماعات الإرهابية""",0,0,0,https://x.com/afarouk92/status/2010013647842734419
2009628902595977594,afarouk92,2026-01-09 14:10:42.135000+00:00,"تغريدات حول احداث إيران 
١- هناك أزمة بنيوية في النظام، هناك حالة أزمة مستمرة وحلولها مفقودة، نعم، لكن تظاهرات هذه الموجة لا أرى فيها ما هو مختلف عما سبق. بعبارة أخرى، الشارع غير قادر بعد على انتاج بعد جديد في حراكه يجعل منه مهددا للنظام، لكن هذا لا يعني أن الضرر لا يتضاعف بعد كل",0,0,0,https://x.com/Alihashem/status/2009628902595977594
2009623667861569795,afarouk92,2026-01-09 13:49:54.077000+00:00,"وزارة الاستخبارات الإيرانية:

 نناشد عموم الشعب المساعدة في تحديد هوية المخربين والإرهابيين الذين استأجرتهم الولايات المتحدة والكيان الصهيوني، والذين نفذوا عمليات إطلاق نار متعددة الليلة الماضية بهدف قتل الناس بالتواصل مع وزارة الاستخبارات او استخبارات الحرس الثوري",0,0,0,https://x.com/afarouk92/status/2009623667861569795
2009585878595940827,afarouk92,2026-01-09 11:19:44.414000+00:00,"أسباب ومآلات الاحتجاجات التي تشهدها إيران

تقريري على الجزيرة نت
aja.ws/kudh33 via 
@AJArabicnet",0,0,0,https://x.com/ghazal_aryahi/status/2009585878595940827
2009611410351820948,afarouk92,2026-01-09 13:01:11.659000+00:00,"وزير الخارجية الإيراني: 

لا أعلم إن كان وزير خارجية عمان سيحمل رسالة غدا أم لا في زيارته طهران وعلينا الانتظار حتى الغد.

نستبعد احتمال شنّ أميركا وإسرائيل هجوما جديدا
في حال وقوع هجوم آخر، ستُلحق بهم هزيمة أخرى

أميركا وإسرائيل تقفان وراء الاضطرابات الحالية في إيران",0,0,0,https://x.com/afarouk92/status/2009611410351820948
2009570198316261655,afarouk92,2026-01-09 10:17:25.944000+00:00,"الإذاعة والتلفزيون الإيرانية تنشر صورا لممتلكات مخربة وسيارات محترقة من تظاهرات مساء أمس وتنسبها إلى ""مثيري الشغب""",0,0,0,https://x.com/afarouk92/status/2009570198316261655
2009464016545190051,afarouk92,2026-01-09 03:15:30.237000+00:00,"كيف تبدو أسواق طهران بعد 10 أيام على انطلاق شرارة الاحتجاجات منها؟.. مراسل الجزيرة عمر هواش ينقل لكم المشهد
#مراسلو_الجزيرة",0,0,0,https://x.com/AJArabic/status/2009464016545190051
2009437468920078355,afarouk92,2026-01-09 01:30:00.790000+00:00,"من ""البازار"" إلى الجامعات.. خريطة القوى الاجتماعية المشاركة في احتجاجات إيران | #تقرير: فرح الزمان شوقي
#الأخبار",0,0,0,https://x.com/AJArabic/status/2009437468920078355
2009261928187621559,afarouk92,2026-01-08 13:52:28.618000+00:00,"In my latest piece on #IranProtests, I argue that the country is locked in a state of political paralysis—marked by recurring protest cycles, escalating repression, and no clear path to transition. What happens when neither bottom-up forces nor top-down power holders can",0,0,0,https://x.com/rezahakbari/status/2009261928187621559
2009322827166699581,afarouk92,2026-01-08 17:54:28.066000+00:00,الرئیس الإیراني مسعود بزشكيان: لا بد من ضبط النفس مع المحتجين والامتناع عن أي سلوك عنيف ضدهم ويجب الاستماع إلى مطالب الشعب,0,0,0,https://x.com/afarouk92/status/2009322827166699581
2009313236970295499,afarouk92,2026-01-08 17:16:21.585000+00:00,"Footage from #Iran shows protests spread across the country. In Tehran, groups of demonstrators are chanting in a number of neighborhoods. There does not seem to be any single mass protest a la 2009. Khamenei may not smell it, but some kind of change seems to be in the air.",0,0,0,https://x.com/mashabani/status/2009313236970295499
2009234236839219433,afarouk92,2026-01-08 12:02:26.486000+00:00,"Amid domestic unrest and continued external pressure, #Iran’s defense council has threatened preemptive measures against potential threats.

Is #Iran changing its defense doctrine?

My take for 
@ME_Council
‘s Afkar:",0,0,0,https://x.com/HamidRezaAz/status/2009234236839219433
2009317716637962713,afarouk92,2026-01-08 17:34:09.621000+00:00,نائب وزير الخارجية الإيراني مجيد تخت روانتشي، يلتقي في يريفان، بكل من وزير الخارجية الأرميني ومستشار الأمن القومي الأرميني,0,0,0,https://x.com/afarouk92/status/2009317716637962713
2009317270192079325,afarouk92,2026-01-08 17:32:23.180000+00:00,نت بلوكس: تظهر المقاييس المباشرة أن إيران تشهد الآن انقطاعًا تامًا للإنترنت على مستوى البلاد.,0,0,0,https://x.com/afarouk92/status/2009317270192079325
2009256935179042904,afarouk92,2026-01-08 13:32:38.192000+00:00,وزير الخارجية الإيراني عباس عراقتشي، يلتقي في بيروت نائب رئيس المجلس الإسلامي الشيعي الأعلى الشيخ علي الخطيب,0,0,0,https://x.com/afarouk92/status/2009256935179042904
2008893467519520883,afarouk92,2026-01-07 13:28:20.749000+00:00,"#واشنطن | سمو وزير الخارجية الأمير #فيصل_بن_فرحان 
@FaisalbinFarhan
 يصل إلى الولايات المتحدة الأمريكية، وذلك في زيارة رسمية.",0,0,0,https://x.com/KSAMOFA/status/2008893467519520883
2008583784770535427,afarouk92,2026-01-06 16:57:46.628000+00:00,"إيران ورسائل الطمأنة الإسرائيلية.. صمت رسمي وترقب مستمر

تقريري على الجزيرة نت
aja.ws/ite55k via 
@AJArabicnet",0,0,0,https://x.com/ghazal_aryahi/status/2008583784770535427
2008497164323070395,afarouk92,2026-01-06 11:13:34.704000+00:00,"أمانة مجلس الدفاع التابع للمجلس الأعلى للأمن القومي في إيران:

في إطار الدفاع المشروع، لا تعتبر إيران نفسها مقيدة برد الفعل بعد وقوع العمل فحسب، بل تعتبر المؤشرات الملموسة للتهديد جزءاً من المعادل",0,0,0,https://x.com/afarouk92/status/2008497164323070395
2008497168383201313,afarouk92,2026-01-06 11:13:35.672000+00:00,"نؤكد على أن أمن إيران واستقلالها ووحدة أراضيها خط أحمر لا يمكن تجاوزه، وأي اعتداء أو استمرار للسلوكيات العدائية سيقابل برد متناسب، قاطع 
وحاسم.",0,0,0,https://x.com/afarouk92/status/2008497168383201313
2008011659332194735,afarouk92,2026-01-05 03:04:21.294000+00:00,"Protests in Iran: Dec. 29, 2025 - Jan. 4, 2026",0,0,0,https://x.com/TheStudyofWar/status/2008011659332194735
2008318988053266688,afarouk92,2026-01-05 23:25:34.171000+00:00,"A thread on Iran protests 
1/ Iran’s new wave of protests should not be read as an imminent Islamic Republic toppling moment. The street lacks the organisational depth, unity, and leadership required for that.",0,0,0,https://x.com/Alihashem/status/2008318988053266688
2007775572748026365,afarouk92,2026-01-04 11:26:13.866000+00:00," إيران من عام المواجهة المباشرة  إلى عام التغيير 

من دون التخلي عن سردية الثورة.. إيران بين شبح الحرب والاحتجاجات تبحث عن ""بارادايم"" جديد يضمن البقاء",0,0,0,https://x.com/Hazem_Kallass/status/2007775572748026365
