Name,Wikipedia_Link
List of Iranian singers,https://en.wikipedia.org/wiki/List_of_Iranian_singers
Naser Abdollahi,https://en.wikipedia.org/wiki/Naser_Abdollahi
Marjan Farsad,https://en.wikipedia.org/wiki/Marjan_Farsad
Rahim Moazenzadeh Ardabili,https://en.wikipedia.org/wiki/Rahim_Moazenzadeh_Ardabili
Salim Moazenzadeh Ardabili,https://en.wikipedia.org/wiki/Salim_Moazenzadeh_Ardabili
Ali Tabatabaee,https://en.wikipedia.org/wiki/Ali_Tabatabaee
Davood Younesi,https://en.wikipedia.org/wiki/Davood_Younesi
Ali Abdolmaleki,https://en.wikipedia.org/wiki/Ali_Abdolmaleki
Kaveh Afagh,https://en.wikipedia.org/wiki/Kaveh_Afagh
Nazanin Afshin-Jam,https://en.wikipedia.org/wiki/Nazanin_Afshin-Jam
Nematollah Aghasi,https://en.wikipedia.org/wiki/Nematollah_Aghasi
Majid Akhshabi,https://en.wikipedia.org/wiki/Majid_Akhshabi
Andy (singer),https://en.wikipedia.org/wiki/Andy_%28singer%29
Arash (singer),https://en.wikipedia.org/wiki/Arash_%28singer%29
Amir Hossein Arman,https://en.wikipedia.org/wiki/Amir_Hossein_Arman
Mehrdad Asemani,https://en.wikipedia.org/wiki/Mehrdad_Asemani
Faramarz Aslani,https://en.wikipedia.org/wiki/Faramarz_Aslani
Alireza Assar,https://en.wikipedia.org/wiki/Alireza_Assar
Ali Azimi,https://en.wikipedia.org/wiki/Ali_Azimi
Gholam-Hossein Banan,https://en.wikipedia.org/wiki/Gholam-Hossein_Banan
Behrad Ali Konari,https://en.wikipedia.org/wiki/Behrad_Ali_Konari
Sami Beigi,https://en.wikipedia.org/wiki/Sami_Beigi
Shahkar Bineshpajooh,https://en.wikipedia.org/wiki/Shahkar_Bineshpajooh
Cameron Cartio,https://en.wikipedia.org/wiki/Cameron_Cartio
George Chaharbakhshi,https://en.wikipedia.org/wiki/George_Chaharbakhshi
Dariush (singer),https://en.wikipedia.org/wiki/Dariush_%28singer%29
Sussan Deyhim,https://en.wikipedia.org/wiki/Sussan_Deyhim
Dorcci,https://en.wikipedia.org/wiki/Dorcci
Ebi,https://en.wikipedia.org/wiki/Ebi
Mohammad Esfahani,https://en.wikipedia.org/wiki/Mohammad_Esfahani
Fadaei,https://en.wikipedia.org/wiki/Fadaei
Cyrus Faryar,https://en.wikipedia.org/wiki/Cyrus_Faryar
Farzad Farzin,https://en.wikipedia.org/wiki/Farzad_Farzin
Fereydoon Foroughi,https://en.wikipedia.org/wiki/Fereydoon_Foroughi
Farshad Ghanbari,https://en.wikipedia.org/wiki/Farshad_Ghanbari
Alireza Ghorbani,https://en.wikipedia.org/wiki/Alireza_Ghorbani
Akbar Golpayegani,https://en.wikipedia.org/wiki/Akbar_Golpayegani
Googoosh,https://en.wikipedia.org/wiki/Googoosh
Shusha Guppy,https://en.wikipedia.org/wiki/Shusha_Guppy
Habib (singer),https://en.wikipedia.org/wiki/Habib_%28singer%29
Omid Hajili,https://en.wikipedia.org/wiki/Omid_Hajili
Hayedeh,https://en.wikipedia.org/wiki/Hayedeh
Hichkas,https://en.wikipedia.org/wiki/Hichkas
Ramin Karimloo,https://en.wikipedia.org/wiki/Ramin_Karimloo
Shahrum Kashani,https://en.wikipedia.org/wiki/Shahrum_Kashani
Mamak Khadem,https://en.wikipedia.org/wiki/Mamak_Khadem
Ehsan Khajeh Amiri,https://en.wikipedia.org/wiki/Ehsan_Khajeh_Amiri
Sirvan Khosravi,https://en.wikipedia.org/wiki/Sirvan_Khosravi
Xaniar Khosravi,https://en.wikipedia.org/wiki/Xaniar_Khosravi
Kian Pourtorab,https://en.wikipedia.org/wiki/Kian_Pourtorab
Ali Lohrasbi,https://en.wikipedia.org/wiki/Ali_Lohrasbi
Mahasti,https://en.wikipedia.org/wiki/Mahasti
Mahvash,https://en.wikipedia.org/wiki/Mahvash
Mansour (singer),https://en.wikipedia.org/wiki/Mansour_%28singer%29
Marjan (singer),https://en.wikipedia.org/wiki/Marjan_%28singer%29
Marzieh (singer),https://en.wikipedia.org/wiki/Marzieh_%28singer%29
Sahar Mohammadi,https://en.wikipedia.org/wiki/Sahar_Mohammadi
Morteza (singer),https://en.wikipedia.org/wiki/Morteza_%28singer%29
Mohammad Motamedi,https://en.wikipedia.org/wiki/Mohammad_Motamedi
Bahram Nouraei,https://en.wikipedia.org/wiki/Bahram_Nouraei
Giti Pashaei,https://en.wikipedia.org/wiki/Giti_Pashaei
Morteza Pashaei,https://en.wikipedia.org/wiki/Morteza_Pashaei
Pouran (singer),https://en.wikipedia.org/wiki/Pouran_%28singer%29
Pyruz,https://en.wikipedia.org/wiki/Pyruz
Bahram Radan,https://en.wikipedia.org/wiki/Bahram_Radan
Ramesh (singer),https://en.wikipedia.org/wiki/Ramesh_%28singer%29
Reza Rooygari,https://en.wikipedia.org/wiki/Reza_Rooygari
Sahar (singer),https://en.wikipedia.org/wiki/Sahar_%28singer%29
Sattar (singer),https://en.wikipedia.org/wiki/Sattar_%28singer%29
Shahrzad Sepanlou,https://en.wikipedia.org/wiki/Shahrzad_Sepanlou
Sepideh (singer),https://en.wikipedia.org/wiki/Sepideh_%28singer%29
Sevdaliza,https://en.wikipedia.org/wiki/Sevdaliza
Shab (singer),https://en.wikipedia.org/wiki/Shab_%28singer%29
Shahram Shabpareh,https://en.wikipedia.org/wiki/Shahram_Shabpareh
Shahrokh (singer),https://en.wikipedia.org/wiki/Shahrokh_%28singer%29
Homayoun Shajarian,https://en.wikipedia.org/wiki/Homayoun_Shajarian
Mojgan Shajarian,https://en.wikipedia.org/wiki/Mojgan_Shajarian
Arash Sobhani,https://en.wikipedia.org/wiki/Arash_Sobhani
Shohreh (singer),https://en.wikipedia.org/wiki/Shohreh_%28singer%29
Jasmin Tabatabai,https://en.wikipedia.org/wiki/Jasmin_Tabatabai
Alireza Talischi,https://en.wikipedia.org/wiki/Alireza_Talischi
Amir Tataloo,https://en.wikipedia.org/wiki/Amir_Tataloo
Kavus Torabi,https://en.wikipedia.org/wiki/Kavus_Torabi
Shamiram Urshan,https://en.wikipedia.org/wiki/Shamiram_Urshan
Vafa Ahmadpour,https://en.wikipedia.org/wiki/Vafa_Ahmadpour
Qamar-ol-Moluk Vaziri,https://en.wikipedia.org/wiki/Qamar-ol-Moluk_Vaziri
Javad Yasari,https://en.wikipedia.org/wiki/Javad_Yasari
Yosip Bet Yosip,https://en.wikipedia.org/wiki/Yosip_Bet_Yosip
Sami Yusuf,https://en.wikipedia.org/wiki/Sami_Yusuf
Seyyed Javad Zabihi,https://en.wikipedia.org/wiki/Seyyed_Javad_Zabihi
Snoh Aalegra,https://en.wikipedia.org/wiki/Snoh_Aalegra
Afshin (singer),https://en.wikipedia.org/wiki/Afshin_%28singer%29
Tooji,https://en.wikipedia.org/wiki/Tooji
Maryam Heydarzadeh,https://en.wikipedia.org/wiki/Maryam_Heydarzadeh
Pari Zangeneh,https://en.wikipedia.org/wiki/Pari_Zangeneh
Eddie Razaz,https://en.wikipedia.org/wiki/Eddie_Razaz
Faramarz Assef,https://en.wikipedia.org/wiki/Faramarz_Assef
Reza Attaran,https://en.wikipedia.org/wiki/Reza_Attaran
Amin Hayai,https://en.wikipedia.org/wiki/Amin_Hayai
Ibn Muhriz,https://en.wikipedia.org/wiki/Ibn_Muhriz
Ibrahim al-Mawsili,https://en.wikipedia.org/wiki/Ibrahim_al-Mawsili
Mehrzad Marashi,https://en.wikipedia.org/wiki/Mehrzad_Marashi
Mehrdad New York,https://en.wikipedia.org/wiki/Mehrdad_New_York
Mehran Modiri,https://en.wikipedia.org/wiki/Mehran_Modiri
Mohsen Jafari Rad,https://en.wikipedia.org/wiki/Mohsen_Jafari_Rad
Mohsen Namjoo,https://en.wikipedia.org/wiki/Mohsen_Namjoo
Omid Nemati,https://en.wikipedia.org/wiki/Omid_Nemati
Ali Sadeghian,https://en.wikipedia.org/wiki/Ali_Sadeghian
Behnam Safavi,https://en.wikipedia.org/wiki/Behnam_Safavi
Toomaj Salehi,https://en.wikipedia.org/wiki/Toomaj_Salehi
Mehdi Soltani,https://en.wikipedia.org/wiki/Mehdi_Soltani
Mohsen Yeganeh,https://en.wikipedia.org/wiki/Mohsen_Yeganeh
Sima Bina,https://en.wikipedia.org/wiki/Sima_Bina
Donya Dadrasan,https://en.wikipedia.org/wiki/Donya_Dadrasan
Firmesk Hafez,https://en.wikipedia.org/wiki/Firmesk_Hafez
Rana Mansour,https://en.wikipedia.org/wiki/Rana_Mansour
Sara Naeini,https://en.wikipedia.org/wiki/Sara_Naeini
Parisa,https://en.wikipedia.org/wiki/Parisa
Ratebeh Neyshabouri,https://en.wikipedia.org/wiki/Ratebeh_Neyshabouri
Susan Roshan,https://en.wikipedia.org/wiki/Susan_Roshan
Moluk Zarabi,https://en.wikipedia.org/wiki/Moluk_Zarabi
25band,https://en.wikipedia.org/wiki/25band
Salar Aghili,https://en.wikipedia.org/wiki/Salar_Aghili
Aref (singer),https://en.wikipedia.org/wiki/Aref_%28singer%29
Roozbeh Azar,https://en.wikipedia.org/wiki/Roozbeh_Azar
Habibollah Badiee,https://en.wikipedia.org/wiki/Habibollah_Badiee
Benyamin Bahadori,https://en.wikipedia.org/wiki/Benyamin_Bahadori
Mohsen Chavoshi,https://en.wikipedia.org/wiki/Mohsen_Chavoshi
Jaklin Derderian,https://en.wikipedia.org/wiki/Jaklin_Derderian
Mohsen Ebrahimzadeh,https://en.wikipedia.org/wiki/Mohsen_Ebrahimzadeh
Farhad Mehrad,https://en.wikipedia.org/wiki/Farhad_Mehrad
Farman Fathalian,https://en.wikipedia.org/wiki/Farman_Fathalian
Siavash Ghomayshi,https://en.wikipedia.org/wiki/Siavash_Ghomayshi
Shervin Hajipour,https://en.wikipedia.org/wiki/Shervin_Hajipour
Parvaz Homay,https://en.wikipedia.org/wiki/Parvaz_Homay
Babak Jahanbakhsh,https://en.wikipedia.org/wiki/Babak_Jahanbakhsh
Bahador Kharazmi,https://en.wikipedia.org/wiki/Bahador_Kharazmi
Ashkan Kooshanejad,https://en.wikipedia.org/wiki/Ashkan_Kooshanejad
Martik,https://en.wikipedia.org/wiki/Martik
Maziar (singer),https://en.wikipedia.org/wiki/Maziar_%28singer%29
Mentrix,https://en.wikipedia.org/wiki/Mentrix
Moein (singer),https://en.wikipedia.org/wiki/Moein_%28singer%29
Bijan Mortazavi,https://en.wikipedia.org/wiki/Bijan_Mortazavi
Mehrdad Nosrati,https://en.wikipedia.org/wiki/Mehrdad_Nosrati
Ali Pahlavan,https://en.wikipedia.org/wiki/Ali_Pahlavan
Iraj Rahmanpour,https://en.wikipedia.org/wiki/Iraj_Rahmanpour
Majid Razavi,https://en.wikipedia.org/wiki/Majid_Razavi
Reza Rohani,https://en.wikipedia.org/wiki/Reza_Rohani
Reza Sadeghi,https://en.wikipedia.org/wiki/Reza_Sadeghi
Kouros Shahmiri,https://en.wikipedia.org/wiki/Kouros_Shahmiri
Siavash Shams,https://en.wikipedia.org/wiki/Siavash_Shams
Vigen (entertainer),https://en.wikipedia.org/wiki/Vigen_%28entertainer%29
Kourosh Yaghmaei,https://en.wikipedia.org/wiki/Kourosh_Yaghmaei
Reza Yazdani (singer),https://en.wikipedia.org/wiki/Reza_Yazdani_%28singer%29
Azita Youssefi,https://en.wikipedia.org/wiki/Azita_Youssefi
Farzane Zamen,https://en.wikipedia.org/wiki/Farzane_Zamen
Zedbazi,https://en.wikipedia.org/wiki/Zedbazi
Aki Banayi,https://en.wikipedia.org/wiki/Aki_Banayi
Ezzat Rouhbakhsh,https://en.wikipedia.org/wiki/Ezzat_Rouhbakhsh
Salar Ayoubi,https://en.wikipedia.org/wiki/Salar_Ayoubi
Abdi Behravanfar,https://en.wikipedia.org/wiki/Abdi_Behravanfar
Rana Farhan,https://en.wikipedia.org/wiki/Rana_Farhan
Shahin Najafi,https://en.wikipedia.org/wiki/Shahin_Najafi
Davood Azad,https://en.wikipedia.org/wiki/Davood_Azad
Bahar Movahed Bashiri,https://en.wikipedia.org/wiki/Bahar_Movahed_Bashiri
Iraj Bastami,https://en.wikipedia.org/wiki/Iraj_Bastami
Saeidi brothers,https://en.wikipedia.org/wiki/Saeidi_brothers
Delkash,https://en.wikipedia.org/wiki/Delkash
Leila Forouhar,https://en.wikipedia.org/wiki/Leila_Forouhar
Adib Khansari,https://en.wikipedia.org/wiki/Adib_Khansari
Anousha Nazari,https://en.wikipedia.org/wiki/Anousha_Nazari
Shahram Nazeri,https://en.wikipedia.org/wiki/Shahram_Nazeri
Hamid Reza Noorbakhsh,https://en.wikipedia.org/wiki/Hamid_Reza_Noorbakhsh
Mohammad-Reza Shajarian,https://en.wikipedia.org/wiki/Mohammad-Reza_Shajarian
Shakila,https://en.wikipedia.org/wiki/Shakila
Noushin Tafi,https://en.wikipedia.org/wiki/Noushin_Tafi
Morteza Ahmadi,https://en.wikipedia.org/wiki/Morteza_Ahmadi
Shir-Mohammad Espandar,https://en.wikipedia.org/wiki/Shir-Mohammad_Espandar
Mulla Kamal Khan,https://en.wikipedia.org/wiki/Mulla_Kamal_Khan
Mandana Khazraei,https://en.wikipedia.org/wiki/Mandana_Khazraei
Mohammad Nouri (singer),https://en.wikipedia.org/wiki/Mohammad_Nouri_%28singer%29
Amir Vahab,https://en.wikipedia.org/wiki/Amir_Vahab
Ali Zand Vakili,https://en.wikipedia.org/wiki/Ali_Zand_Vakili
Din Mohammad Zangshahi,https://en.wikipedia.org/wiki/Din_Mohammad_Zangshahi
Hooshmand Aghili,https://en.wikipedia.org/wiki/Hooshmand_Aghili
Delara (singer),https://en.wikipedia.org/wiki/Delara_%28singer%29
Ali Reza Eftekhari,https://en.wikipedia.org/wiki/Ali_Reza_Eftekhari
Khashayar Etemadi,https://en.wikipedia.org/wiki/Khashayar_Etemadi
Fereydoun Farrokhzad,https://en.wikipedia.org/wiki/Fereydoun_Farrokhzad
Shahyar Ghanbari,https://en.wikipedia.org/wiki/Shahyar_Ghanbari
Mohammad Reza Golzar,https://en.wikipedia.org/wiki/Mohammad_Reza_Golzar
Homeyra,https://en.wikipedia.org/wiki/Homeyra
Mehrnoosh,https://en.wikipedia.org/wiki/Mehrnoosh
Afshin Moghaddam,https://en.wikipedia.org/wiki/Afshin_Moghaddam
Amir Hossein Mohabat,https://en.wikipedia.org/wiki/Amir_Hossein_Mohabat
Arsi Nami,https://en.wikipedia.org/wiki/Arsi_Nami
Noureddin Razavi Sarvestani,https://en.wikipedia.org/wiki/Noureddin_Razavi_Sarvestani
Pouya Pourjalil,https://en.wikipedia.org/wiki/Pouya_Pourjalil
Sandy (Iranian music band),https://en.wikipedia.org/wiki/Sandy_%28Iranian_music_band%29
Rahim Shahriari,https://en.wikipedia.org/wiki/Rahim_Shahriari
Hassan Shamaizadeh,https://en.wikipedia.org/wiki/Hassan_Shamaizadeh
Susan (Iranian singer),https://en.wikipedia.org/wiki/Susan_%28Iranian_singer%29
Toofan (singer),https://en.wikipedia.org/wiki/Toofan_%28singer%29
Mehdi Yarrahi,https://en.wikipedia.org/wiki/Mehdi_Yarrahi
Ahllam,https://en.wikipedia.org/wiki/Ahllam
Azam Ali,https://en.wikipedia.org/wiki/Azam_Ali
Helly Luv,https://en.wikipedia.org/wiki/Helly_Luv
Mansour Zalzal,https://en.wikipedia.org/wiki/Mansour_Zalzal
Hovhannes Badalyan,https://en.wikipedia.org/wiki/Hovhannes_Badalyan
Hossein Alizadeh,https://en.wikipedia.org/wiki/Hossein_Alizadeh
Farzan Athari,https://en.wikipedia.org/wiki/Farzan_Athari
Aylar Lie,https://en.wikipedia.org/wiki/Aylar_Lie
Rita (Israeli singer),https://en.wikipedia.org/wiki/Rita_%28Israeli_singer%29
Liraz Charhi,https://en.wikipedia.org/wiki/Liraz_Charhi
Merziye Feriqi,https://en.wikipedia.org/wiki/Merziye_Feriqi
Mazhar Khaleqi,https://en.wikipedia.org/wiki/Mazhar_Khaleqi
Mohammad Mamle,https://en.wikipedia.org/wiki/Mohammad_Mamle
Rostam Mirlashari,https://en.wikipedia.org/wiki/Rostam_Mirlashari
Maryam Akhondy,https://en.wikipedia.org/wiki/Maryam_Akhondy
Sonita Alizadeh,https://en.wikipedia.org/wiki/Sonita_Alizadeh
Farzin (singer),https://en.wikipedia.org/wiki/Farzin_%28singer%29
Simin Ghanem,https://en.wikipedia.org/wiki/Simin_Ghanem
Abdolreza Helali,https://en.wikipedia.org/wiki/Abdolreza_Helali
Hiwa Seyfizade,https://en.wikipedia.org/wiki/Hiwa_Seyfizade
Khatereh Parvaneh,https://en.wikipedia.org/wiki/Khatereh_Parvaneh
Ziyoda Qobilova,https://en.wikipedia.org/wiki/Ziyoda_Qobilova
Sepideh Raissadat,https://en.wikipedia.org/wiki/Sepideh_Raissadat
Afsaneh Rasaei,https://en.wikipedia.org/wiki/Afsaneh_Rasaei
Mahsa Vahdat,https://en.wikipedia.org/wiki/Mahsa_Vahdat
Monir Vakili,https://en.wikipedia.org/wiki/Monir_Vakili
Ümit Besen,https://en.wikipedia.org/wiki/%C3%9Cmit_Besen
Michal Elia Kamal,https://en.wikipedia.org/wiki/Michal_Elia_Kamal
Evin Agassi,https://en.wikipedia.org/wiki/Evin_Agassi
Bijan Bijani,https://en.wikipedia.org/wiki/Bijan_Bijani
William D. S. Daniel,https://en.wikipedia.org/wiki/William_D._S._Daniel
Faiz Mohammad Baloch,https://en.wikipedia.org/wiki/Faiz_Mohammad_Baloch
Iraj (singer),https://en.wikipedia.org/wiki/Iraj_%28singer%29
Mohammadreza Taheri,https://en.wikipedia.org/wiki/Mohammadreza_Taheri
Ebrahim Monsefi,https://en.wikipedia.org/wiki/Ebrahim_Monsefi
Rasoul Najafian,https://en.wikipedia.org/wiki/Rasoul_Najafian
Nasrollah Nasehpour,https://en.wikipedia.org/wiki/Nasrollah_Nasehpour
Gholamali Pouratayi,https://en.wikipedia.org/wiki/Gholamali_Pouratayi
Aminollah Rashidi,https://en.wikipedia.org/wiki/Aminollah_Rashidi
Sayed Ali Asghar Kurdistani,https://en.wikipedia.org/wiki/Sayed_Ali_Asghar_Kurdistani
Abdolvahab Shahidi,https://en.wikipedia.org/wiki/Abdolvahab_Shahidi
Parviz Yahaghi,https://en.wikipedia.org/wiki/Parviz_Yahaghi
Hassan Zirak,https://en.wikipedia.org/wiki/Hassan_Zirak
Arya Aramnejad,https://en.wikipedia.org/wiki/Arya_Aramnejad
"D,Kr",https://en.wikipedia.org/wiki/D%2CKr
Erfan (rapper),https://en.wikipedia.org/wiki/Erfan_%28rapper%29
Farzad Fattahi,https://en.wikipedia.org/wiki/Farzad_Fattahi
Nima Nakisa,https://en.wikipedia.org/wiki/Nima_Nakisa
Parviz Parastui,https://en.wikipedia.org/wiki/Parviz_Parastui
Mahdi Rasouli,https://en.wikipedia.org/wiki/Mahdi_Rasouli
Payam Salehi,https://en.wikipedia.org/wiki/Payam_Salehi
Dariush Salehpour,https://en.wikipedia.org/wiki/Dariush_Salehpour
Yas (rapper),https://en.wikipedia.org/wiki/Yas_%28rapper%29
Mona Paad,https://en.wikipedia.org/wiki/Mona_Paad
Fakhereh Saba,https://en.wikipedia.org/wiki/Fakhereh_Saba
Bahar Dehkordi,https://en.wikipedia.org/wiki/Bahar_Dehkordi
Ghogha (rapper),https://en.wikipedia.org/wiki/Ghogha_%28rapper%29
Salome MC,https://en.wikipedia.org/wiki/Salome_MC
Roya Arab,https://en.wikipedia.org/wiki/Roya_Arab
Elaheh,https://en.wikipedia.org/wiki/Elaheh
Zohreh Jooya,https://en.wikipedia.org/wiki/Zohreh_Jooya
Nooshafarin,https://en.wikipedia.org/wiki/Nooshafarin
Ziba Shirazi,https://en.wikipedia.org/wiki/Ziba_Shirazi
Marganita Vogt-Khofri,https://en.wikipedia.org/wiki/Marganita_Vogt-Khofri
Parastoo Ahmadi,https://en.wikipedia.org/wiki/Parastoo_Ahmadi
Sahar Ajdamsani,https://en.wikipedia.org/wiki/Sahar_Ajdamsani
Hengameh Ghaziani,https://en.wikipedia.org/wiki/Hengameh_Ghaziani
Golazin,https://en.wikipedia.org/wiki/Golazin
Fereshteh Khosroujerdy,https://en.wikipedia.org/wiki/Fereshteh_Khosroujerdy
Maryama,https://en.wikipedia.org/wiki/Maryama
Tara Tiba,https://en.wikipedia.org/wiki/Tara_Tiba
Fatma Mukhtarova,https://en.wikipedia.org/wiki/Fatma_Mukhtarova
Rubaba Muradova,https://en.wikipedia.org/wiki/Rubaba_Muradova
Hasan Anami Olya,https://en.wikipedia.org/wiki/Hasan_Anami_Olya
Sadjad Pourghanad,https://en.wikipedia.org/wiki/Sadjad_Pourghanad
Rashid Vatandoust,https://en.wikipedia.org/wiki/Rashid_Vatandoust
